year,race,driver_code,race_win_odds,race_win_prob,podium_odds,podium_prob,Grid_Position,Quali_Time_Delta,Top_Speed_ST
2022,Abu Dhabi Grand Prix,VER,2.25,0.4006,1.32,0.7149,1.0,0.0,327.0
2022,Abu Dhabi Grand Prix,HAM,3.5,0.2434,1.5,0.6125,5.0,0.684,318.0
2022,Abu Dhabi Grand Prix,RUS,4.5,0.1833,1.5,0.6125,6.0,0.687,322.0
2022,Abu Dhabi Grand Prix,LEC,11.0,0.0669,2.5,0.3303,3.0,0.268,323.0
2022,Abu Dhabi Grand Prix,PER,13.0,0.0554,2.3,0.3654,2.0,0.228,330.0
2022,Abu Dhabi Grand Prix,SAI,17.0,0.0409,3.3,0.2362,4.0,0.418,324.0
2022,Abu Dhabi Grand Prix,NOR,301.0,0.0016,21.0,0.0252,7.0,0.945,321.0
2022,Abu Dhabi Grand Prix,ALO,301.0,0.0016,17.0,0.0326,11.0,1.272,326.0
2022,Abu Dhabi Grand Prix,RIC,601.0,0.0007,51.0,0.0086,10.0,1.221,317.0
2022,Abu Dhabi Grand Prix,VET,601.0,0.0007,34.0,0.0141,9.0,1.137,313.0
2022,Abu Dhabi Grand Prix,OCO,601.0,0.0007,34.0,0.0141,8.0,1.006,323.0
2022,Abu Dhabi Grand Prix,STR,901.0,0.0005,51.0,0.0086,14.0,1.5350000000000001,314.0
2022,Abu Dhabi Grand Prix,ZHO,901.0,0.0005,151.0,0.0023,15.0,1.584,322.0
2022,Abu Dhabi Grand Prix,ALB,901.0,0.0005,151.0,0.0023,19.0,2.204,334.0
2022,Abu Dhabi Grand Prix,GAS,901.0,0.0005,67.0,0.0062,17.0,2.035,324.0
2022,Abu Dhabi Grand Prix,LAT,901.0,0.0005,501.0,0.0005,20.0,2.23,330.0
2022,Abu Dhabi Grand Prix,MSC,901.0,0.0005,151.0,0.0023,13.0,1.401,323.0
2022,Abu Dhabi Grand Prix,MAG,901.0,0.0005,101.0,0.0038,16.0,2.01,325.0
2022,Abu Dhabi Grand Prix,BOT,901.0,0.0005,67.0,0.0062,18.0,2.068,321.0
2022,Abu Dhabi Grand Prix,TSU,901.0,0.0005,251.0,0.0013,12.0,1.395,325.0
2022,Australian Grand Prix,VER,2.2,0.4107,1.3,0.7326,2.0,0.286,318.0
2022,Australian Grand Prix,LEC,2.5,0.3555,1.3,0.7326,1.0,0.0,312.0
2022,Australian Grand Prix,SAI,9.0,0.0837,1.8,0.4981,9.0,1.54,313.0
2022,Australian Grand Prix,PER,15.0,0.047,2.1,0.4149,3.0,0.372,320.0
2022,Australian Grand Prix,HAM,17.0,0.0408,3.5,0.2264,5.0,0.957,313.0
2022,Australian Grand Prix,RUS,21.0,0.0322,5.5,0.1324,6.0,1.065,312.0
2022,Australian Grand Prix,GAS,151.0,0.0035,17.0,0.0347,11.0,1.358,316.0
2022,Australian Grand Prix,MSC,151.0,0.0035,26.0,0.021,15.0,2.597,313.0
2022,Australian Grand Prix,MAG,151.0,0.0035,17.0,0.0347,17.0,2.386,313.0
2022,Australian Grand Prix,ALO,151.0,0.0035,17.0,0.0347,10.0,0.947,322.0
2022,Australian Grand Prix,BOT,151.0,0.0035,17.0,0.0347,12.0,1.542,314.0
2022,Australian Grand Prix,NOR,151.0,0.0035,26.0,0.021,4.0,0.835,314.0
2022,Australian Grand Prix,OCO,151.0,0.0035,17.0,0.0347,8.0,1.193,320.0
2022,Australian Grand Prix,TSU,301.0,0.0016,26.0,0.021,13.0,1.556,317.0
2022,Australian Grand Prix,RIC,301.0,0.0016,26.0,0.021,7.0,1.164,312.0
2022,Australian Grand Prix,ZHO,601.0,0.0007,201.0,0.0019,14.0,2.287,313.0
2022,Australian Grand Prix,STR,901.0,0.0005,301.0,0.0012,20.0,,
2022,Australian Grand Prix,VET,901.0,0.0005,201.0,0.0019,18.0,3.281,313.0
2022,Australian Grand Prix,ALB,901.0,0.0005,601.0,0.0005,16.0,2.267,315.0
2022,Australian Grand Prix,LAT,901.0,0.0005,,,19.0,3.504,317.0
2022,Austria Grand Prix,VER,1.9,0.4827,1.25,0.7641,1.0,0.0,316.0
2022,Austria Grand Prix,LEC,3.25,0.2625,1.4,0.6665,2.0,0.029,315.0
2022,Austria Grand Prix,PER,10.0,0.0733,1.8,0.4923,13.0,1.474,320.0
2022,Austria Grand Prix,SAI,13.0,0.0545,2.0,0.4335,3.0,0.082,317.0
2022,Austria Grand Prix,RUS,13.0,0.0545,3.5,0.2208,4.0,0.447,312.0
2022,Austria Grand Prix,HAM,13.0,0.0545,3.0,0.2659,9.0,8.167,314.0
2022,Austria Grand Prix,NOR,151.0,0.0034,13.0,0.0454,15.0,20.863,314.0
2022,Austria Grand Prix,ALO,151.0,0.0034,19.0,0.0287,8.0,1.119,318.0
2022,Austria Grand Prix,BOT,151.0,0.0034,26.0,0.0197,12.0,1.335,311.0
2022,Austria Grand Prix,RIC,301.0,0.0015,26.0,0.0197,16.0,1.629,317.0
2022,Austria Grand Prix,GAS,301.0,0.0015,34.0,0.0142,10.0,1.176,314.0
2022,Austria Grand Prix,STR,601.0,0.0007,151.0,0.0024,17.0,1.863,315.0
2022,Austria Grand Prix,VET,601.0,0.0007,67.0,0.0063,20.0,2.099,309.0
2022,Austria Grand Prix,OCO,601.0,0.0007,41.0,0.0114,5.0,0.742,313.0
2022,Austria Grand Prix,ZHO,901.0,0.0004,151.0,0.0024,18.0,1.917,315.0
2022,Austria Grand Prix,ALB,901.0,0.0004,601.0,0.0004,11.0,1.246,316.0
2022,Austria Grand Prix,LAT,901.0,0.0004,,,19.0,2.019,319.0
2022,Austria Grand Prix,MSC,901.0,0.0004,201.0,0.0017,7.0,1.027,316.0
2022,Austria Grand Prix,MAG,901.0,0.0004,151.0,0.0024,6.0,0.895,314.0
2022,Austria Grand Prix,TSU,901.0,0.0004,151.0,0.0024,14.0,1.867,315.0
2022,Azerbaijan Grand Prix,VER,2.1,0.4308,1.25,0.7665,3.0,0.347,320.0
2022,Azerbaijan Grand Prix,LEC,2.75,0.3172,1.3,0.7315,1.0,0.0,315.0
2022,Azerbaijan Grand Prix,PER,7.0,0.1099,1.8,0.4964,2.0,0.282,315.0
2022,Azerbaijan Grand Prix,SAI,9.0,0.0826,2.2,0.3909,4.0,0.455,314.0
2022,Azerbaijan Grand Prix,RUS,26.0,0.0248,4.5,0.1666,5.0,1.353,309.0
2022,Azerbaijan Grand Prix,HAM,34.0,0.0183,4.5,0.1666,7.0,1.565,309.0
2022,Azerbaijan Grand Prix,NOR,151.0,0.0034,7.0,0.0984,11.0,2.039,306.0
2022,Azerbaijan Grand Prix,BOT,151.0,0.0034,11.0,0.0574,15.0,3.085,311.0
2022,Azerbaijan Grand Prix,RIC,301.0,0.0015,34.0,0.015,12.0,2.215,309.0
2022,Azerbaijan Grand Prix,ALO,301.0,0.0015,15.0,0.0397,10.0,1.814,322.0
2022,Azerbaijan Grand Prix,GAS,301.0,0.0015,34.0,0.015,6.0,1.486,310.0
2022,Azerbaijan Grand Prix,TSU,601.0,0.0007,101.0,0.0041,8.0,1.697,312.0
2022,Azerbaijan Grand Prix,VET,601.0,0.0007,51.0,0.0092,9.0,1.732,318.0
2022,Azerbaijan Grand Prix,MAG,601.0,0.0007,34.0,0.015,16.0,3.284,317.0
2022,Azerbaijan Grand Prix,OCO,601.0,0.0007,41.0,0.012,13.0,2.226,321.0
2022,Azerbaijan Grand Prix,STR,901.0,0.0004,101.0,0.0041,19.0,4.012,316.0
2022,Azerbaijan Grand Prix,ZHO,901.0,0.0004,201.0,0.0018,14.0,2.431,314.0
2022,Azerbaijan Grand Prix,ALB,901.0,0.0004,601.0,0.0005,17.0,3.36,318.0
2022,Azerbaijan Grand Prix,LAT,901.0,0.0004,,,18.0,4.008,320.0
2022,Azerbaijan Grand Prix,MSC,901.0,0.0004,51.0,0.0092,20.0,4.416,315.0
2022,Bahrain Grand Prix,VER,3.0,0.2994,1.3,0.7374,2.0,0.123,322.0
2022,Bahrain Grand Prix,HAM,3.35,0.2652,1.6,0.5794,5.0,0.68,314.0
2022,Bahrain Grand Prix,LEC,6.0,0.1399,2.0,0.4472,1.0,0.0,316.0
2022,Bahrain Grand Prix,SAI,9.0,0.0896,2.5,0.3451,3.0,0.129,315.0
2022,Bahrain Grand Prix,RUS,11.0,0.0719,3.0,0.2792,9.0,1.658,313.0
2022,Bahrain Grand Prix,PER,19.0,0.0395,3.0,0.2792,4.0,0.363,322.0
2022,Bahrain Grand Prix,NOR,26.0,0.028,6.0,0.1249,13.0,1.45,313.0
2022,Bahrain Grand Prix,RIC,67.0,0.0099,15.0,0.0431,18.0,2.387,311.0
2022,Bahrain Grand Prix,OCO,67.0,0.0099,21.0,0.0292,11.0,1.224,320.0
2022,Bahrain Grand Prix,ALO,67.0,0.0099,21.0,0.0292,8.0,1.637,318.0
2022,Bahrain Grand Prix,GAS,67.0,0.0099,15.0,0.0431,10.0,1.78,314.0
2022,Bahrain Grand Prix,STR,151.0,0.0041,34.0,0.0167,19.0,2.474,311.0
2022,Bahrain Grand Prix,ALB,151.0,0.0041,81.0,0.0061,14.0,2.106,313.0
2022,Bahrain Grand Prix,MAG,151.0,0.0041,81.0,0.0061,7.0,1.25,316.0
2022,Bahrain Grand Prix,BOT,151.0,0.0041,,,6.0,1.002,314.0
2022,Bahrain Grand Prix,TSU,151.0,0.0041,51.0,0.0104,16.0,2.192,318.0
2022,Bahrain Grand Prix,ZHO,301.0,0.0019,151.0,0.003,15.0,2.985,314.0
2022,Bahrain Grand Prix,LAT,301.0,0.0019,151.0,0.003,20.0,3.076,319.0
2022,Bahrain Grand Prix,MSC,301.0,0.0019,51.0,0.0104,12.0,1.44,317.0
2022,Bahrain Grand Prix,HUL,601.0,0.0009,67.0,0.0076,17.0,2.219,310.0
2022,Belgian Grand Prix,VER,1.9,0.4833,1.3,0.7281,1.0,0.0,310.0
2022,Belgian Grand Prix,LEC,4.1,0.2022,1.65,0.5456,4.0,0.888,309.0
2022,Belgian Grand Prix,HAM,6.0,0.1314,1.8,0.4911,7.0,1.838,306.0
2022,Belgian Grand Prix,SAI,9.0,0.083,1.9,0.46,2.0,0.632,313.0
2022,Belgian Grand Prix,RUS,11.0,0.0661,2.5,0.3301,8.0,2.111,305.0
2022,Belgian Grand Prix,PER,26.0,0.025,2.5,0.3301,3.0,0.797,309.0
2022,Belgian Grand Prix,NOR,301.0,0.0016,17.0,0.0325,10.0,2.513,311.0
2022,Belgian Grand Prix,ALO,301.0,0.0016,17.0,0.0325,6.0,1.7029999999999998,312.0
2022,Belgian Grand Prix,RIC,601.0,0.0007,51.0,0.0086,11.0,2.102,310.0
2022,Belgian Grand Prix,OCO,601.0,0.0007,51.0,0.0086,5.0,1.5150000000000001,312.0
2022,Belgian Grand Prix,VET,901.0,0.0004,67.0,0.0062,16.0,2.6790000000000003,308.0
2022,Belgian Grand Prix,BOT,901.0,0.0004,67.0,0.0062,20.0,4.201,308.0
2022,Belgian Grand Prix,STR,901.0,0.0004,81.0,0.0049,14.0,2.9459999999999997,307.0
2022,Belgian Grand Prix,MAG,901.0,0.0004,81.0,0.0049,18.0,2.892,305.0
2022,Belgian Grand Prix,ZHO,901.0,0.0004,151.0,0.0023,13.0,2.42,310.0
2022,Belgian Grand Prix,MSC,901.0,0.0004,151.0,0.0023,15.0,4.053,306.0
2022,Belgian Grand Prix,GAS,901.0,0.0004,151.0,0.0023,12.0,2.162,309.0
2022,Belgian Grand Prix,TSU,901.0,0.0004,251.0,0.0013,19.0,3.027,307.0
2022,Belgian Grand Prix,ALB,901.0,0.0004,251.0,0.0013,9.0,2.172,311.0
2022,Belgian Grand Prix,LAT,901.0,0.0004,251.0,0.0013,17.0,2.7359999999999998,306.0
2022,British Grand Prix,VER,1.9,0.4827,1.25,0.7641,2.0,0.072,296.0
2022,British Grand Prix,LEC,3.25,0.2625,1.4,0.6665,3.0,0.315,295.0
2022,British Grand Prix,PER,10.0,0.0733,1.8,0.4923,4.0,0.633,297.0
2022,British Grand Prix,SAI,13.0,0.0545,2.0,0.4335,1.0,0.0,297.0
2022,British Grand Prix,RUS,13.0,0.0545,3.5,0.2208,8.0,1.178,294.0
2022,British Grand Prix,HAM,13.0,0.0545,3.0,0.2659,5.0,1.012,298.0
2022,British Grand Prix,NOR,151.0,0.0034,13.0,0.0454,6.0,1.101,290.0
2022,British Grand Prix,ALO,151.0,0.0034,19.0,0.0287,7.0,1.133,293.0
2022,British Grand Prix,BOT,151.0,0.0034,26.0,0.0197,12.0,3.249,294.0
2022,British Grand Prix,RIC,301.0,0.0015,26.0,0.0197,14.0,3.372,286.0
2022,British Grand Prix,GAS,301.0,0.0015,34.0,0.0142,11.0,2.719,290.0
2022,British Grand Prix,STR,601.0,0.0007,151.0,0.0024,20.0,2.447,292.0
2022,British Grand Prix,VET,601.0,0.0007,67.0,0.0063,18.0,1.683,294.0
2022,British Grand Prix,OCO,601.0,0.0007,41.0,0.0114,15.0,4.207,295.0
2022,British Grand Prix,ZHO,901.0,0.0004,151.0,0.0024,9.0,1.736,293.0
2022,British Grand Prix,ALB,901.0,0.0004,601.0,0.0004,16.0,1.095,298.0
2022,British Grand Prix,LAT,901.0,0.0004,,,10.0,22.112,296.0
2022,British Grand Prix,MSC,901.0,0.0004,201.0,0.0017,19.0,1.725,289.0
2022,British Grand Prix,MAG,901.0,0.0004,151.0,0.0024,17.0,1.176,290.0
2022,British Grand Prix,TSU,901.0,0.0004,151.0,0.0024,13.0,3.328,294.0
2022,Canadian Grand Prix,VER,1.8,0.4977,1.3,0.7352,1.0,0.0,305.0
2022,Canadian Grand Prix,LEC,3.5,0.226,1.35,0.7034,15.0,11.709,298.0
2022,Canadian Grand Prix,PER,4.0,0.1929,1.5,0.6217,13.0,11.828,302.0
2022,Canadian Grand Prix,SAI,15.0,0.0402,2.6,0.3262,3.0,0.797,302.0
2022,Canadian Grand Prix,RUS,34.0,0.0152,4.5,0.1715,8.0,2.258,297.0
2022,Canadian Grand Prix,HAM,34.0,0.0152,4.5,0.1715,4.0,1.592,293.0
2022,Canadian Grand Prix,NOR,151.0,0.0026,9.0,0.0761,14.0,12.767,290.0
2022,Canadian Grand Prix,GAS,151.0,0.0026,17.0,0.0361,16.0,13.193,296.0
2022,Canadian Grand Prix,RIC,301.0,0.0011,17.0,0.0361,9.0,2.45,295.0
2022,Canadian Grand Prix,OCO,301.0,0.0011,26.0,0.0219,7.0,2.23,300.0
2022,Canadian Grand Prix,ALO,301.0,0.0011,17.0,0.0361,2.0,0.645,303.0
2022,Canadian Grand Prix,BOT,301.0,0.0011,17.0,0.0361,11.0,5.489,297.0
2022,Canadian Grand Prix,TSU,601.0,0.0005,67.0,0.0072,20.0,15.276,294.0
2022,Canadian Grand Prix,VET,601.0,0.0005,67.0,0.0072,17.0,13.213,297.0
2022,Canadian Grand Prix,MAG,601.0,0.0005,67.0,0.0072,5.0,1.661,299.0
2022,Canadian Grand Prix,STR,901.0,0.0003,201.0,0.002,18.0,14.233,296.0
2022,Canadian Grand Prix,ZHO,901.0,0.0003,201.0,0.002,10.0,2.731,299.0
2022,Canadian Grand Prix,ALB,901.0,0.0003,601.0,0.0006,12.0,5.559,309.0
2022,Canadian Grand Prix,LAT,901.0,0.0003,,,19.0,14.361,306.0
2022,Canadian Grand Prix,MSC,901.0,0.0003,201.0,0.002,6.0,2.057,302.0
2022,Dutch Grand Prix,VER,1.5,0.6262,1.3,0.7288,1.0,0.0,327.0
2022,Dutch Grand Prix,LEC,5.0,0.156,1.5,0.6132,2.0,0.021,315.0
2022,Dutch Grand Prix,PER,11.0,0.0628,1.8,0.4922,5.0,0.735,326.0
2022,Dutch Grand Prix,SAI,11.0,0.0628,1.9,0.4611,3.0,0.092,320.0
2022,Dutch Grand Prix,HAM,15.0,0.0439,2.6,0.3159,4.0,0.306,317.0
2022,Dutch Grand Prix,RUS,17.0,0.038,3.2,0.2459,6.0,0.805,322.0
2022,Dutch Grand Prix,NOR,151.0,0.0031,21.0,0.0254,7.0,0.832,322.0
2022,Dutch Grand Prix,RIC,301.0,0.0014,21.0,0.0254,17.0,1.7389999999999999,319.0
2022,Dutch Grand Prix,ALO,301.0,0.0014,19.0,0.0287,13.0,1.271,318.0
2022,Dutch Grand Prix,OCO,601.0,0.0006,21.0,0.0254,12.0,1.263,322.0
2022,Dutch Grand Prix,STR,901.0,0.0004,67.0,0.0063,10.0,1.074,318.0
2022,Dutch Grand Prix,GAS,901.0,0.0004,67.0,0.0063,11.0,1.17,323.0
2022,Dutch Grand Prix,MSC,901.0,0.0004,67.0,0.0063,8.0,1.1,324.0
2022,Dutch Grand Prix,VET,901.0,0.0004,67.0,0.0063,19.0,2.049,317.0
2022,Dutch Grand Prix,MAG,901.0,0.0004,67.0,0.0063,18.0,1.9769999999999999,319.0
2022,Dutch Grand Prix,BOT,901.0,0.0004,101.0,0.0038,16.0,1.619,317.0
2022,Dutch Grand Prix,ZHO,901.0,0.0004,301.0,0.001,14.0,1.362,321.0
2022,Dutch Grand Prix,TSU,901.0,0.0004,501.0,0.0006,9.0,2.214,321.0
2022,Dutch Grand Prix,ALB,901.0,0.0004,501.0,0.0006,15.0,1.46,322.0
2022,Dutch Grand Prix,LAT,901.0,0.0004,501.0,0.0006,20.0,3.011,321.0
2022,Emilia Romagna Grand Prix,LEC,2.2,0.4112,1.3,0.7319,2.0,0.779,291.0
2022,Emilia Romagna Grand Prix,VER,2.6,0.3406,1.35,0.6997,1.0,0.0,294.0
2022,Emilia Romagna Grand Prix,SAI,9.0,0.084,1.7,0.5319,10.0,-9.009,293.0
2022,Emilia Romagna Grand Prix,PER,13.0,0.0555,2.3,0.3712,7.0,1.8090000000000002,294.0
2022,Emilia Romagna Grand Prix,HAM,17.0,0.041,3.0,0.2706,13.0,-6.861,284.0
2022,Emilia Romagna Grand Prix,RUS,19.0,0.0362,5.0,0.1473,11.0,-7.242,282.0
2022,Emilia Romagna Grand Prix,NOR,67.0,0.0087,13.0,0.0473,3.0,1.1320000000000001,290.0
2022,Emilia Romagna Grand Prix,RIC,151.0,0.0035,13.0,0.0473,6.0,1.7429999999999999,290.0
2022,Emilia Romagna Grand Prix,OCO,151.0,0.0035,15.0,0.0399,19.0,-5.661,282.0
2022,Emilia Romagna Grand Prix,ALO,151.0,0.0035,13.0,0.0473,5.0,1.203,290.0
2022,Emilia Romagna Grand Prix,ZHO,301.0,0.0016,201.0,0.0018,14.0,-6.565,287.0
2022,Emilia Romagna Grand Prix,GAS,301.0,0.0016,21.0,0.0267,17.0,-7.267,289.0
2022,Emilia Romagna Grand Prix,MSC,301.0,0.0016,51.0,0.0093,12.0,-7.083,290.0
2022,Emilia Romagna Grand Prix,MAG,301.0,0.0016,51.0,0.0093,4.0,1.165,288.0
2022,Emilia Romagna Grand Prix,BOT,301.0,0.0016,51.0,0.0093,8.0,2.44,283.0
2022,Emilia Romagna Grand Prix,TSU,301.0,0.0016,51.0,0.0093,16.0,-7.525,290.0
2022,Emilia Romagna Grand Prix,STR,601.0,0.0007,,,15.0,0.12,295.0
2022,Emilia Romagna Grand Prix,VET,601.0,0.0007,,,9.0,3.063,295.0
2022,Emilia Romagna Grand Prix,ALB,901.0,0.0005,,,20.0,,
2022,Emilia Romagna Grand Prix,LAT,901.0,0.0005,,,18.0,-6.0280000000000005,295.0
2022,French Grand Prix,VER,2.1,0.4299,1.35,0.7001,2.0,0.304,338.0
2022,French Grand Prix,LEC,2.5,0.3526,1.4,0.6705,1.0,0.0,330.0
2022,French Grand Prix,HAM,9.0,0.0821,2.2,0.3919,4.0,0.893,328.0
2022,French Grand Prix,PER,15.0,0.0459,2.2,0.3919,3.0,0.463,337.0
2022,French Grand Prix,SAI,19.0,0.0351,2.4,0.3534,9.0,0.209,330.0
2022,French Grand Prix,RUS,19.0,0.0351,2.65,0.3141,6.0,1.259,330.0
2022,French Grand Prix,NOR,151.0,0.0033,16.0,0.0371,5.0,1.16,328.0
2022,French Grand Prix,OCO,151.0,0.0033,21.0,0.0269,12.0,2.176,329.0
2022,French Grand Prix,ALO,151.0,0.0033,16.0,0.0371,7.0,1.6800000000000002,330.0
2022,French Grand Prix,MSC,301.0,0.0015,41.0,0.0121,19.0,2.8289999999999997,335.0
2022,French Grand Prix,RIC,301.0,0.0015,26.0,0.0208,11.0,2.05,331.0
2022,French Grand Prix,MAG,301.0,0.0015,41.0,0.0121,10.0,1.7770000000000001,332.0
2022,French Grand Prix,BOT,301.0,0.0015,34.0,0.0152,13.0,2.18,327.0
2022,French Grand Prix,GAS,601.0,0.0007,67.0,0.0068,16.0,2.567,329.0
2022,French Grand Prix,STR,901.0,0.0004,151.0,0.0026,17.0,2.567,329.0
2022,French Grand Prix,ZHO,901.0,0.0004,201.0,0.0018,18.0,2.802,326.0
2022,French Grand Prix,ALB,901.0,0.0004,601.0,0.0005,15.0,2.435,333.0
2022,French Grand Prix,LAT,901.0,0.0004,,,20.0,2.922,333.0
2022,French Grand Prix,VET,901.0,0.0004,151.0,0.0026,14.0,2.404,329.0
2022,French Grand Prix,TSU,901.0,0.0004,151.0,0.0026,8.0,1.908,331.0
2022,Hungarian Grand Prix,LEC,2.2,0.4063,,,3.0,0.19,300.0
2022,Hungarian Grand Prix,VER,2.5,0.3511,,,10.0,1.446,300.0
2022,Hungarian Grand Prix,SAI,6.5,0.1179,,,2.0,0.044,299.0
2022,Hungarian Grand Prix,HAM,11.0,0.0646,,,7.0,0.765,299.0
2022,Hungarian Grand Prix,PER,26.0,0.0242,,,11.0,1.139,298.0
2022,Hungarian Grand Prix,RUS,26.0,0.0242,,,1.0,0.0,301.0
2022,Hungarian Grand Prix,ALO,151.0,0.0032,,,6.0,0.701,298.0
2022,Hungarian Grand Prix,RIC,301.0,0.0015,,,9.0,1.002,298.0
2022,Hungarian Grand Prix,NOR,301.0,0.0015,,,4.0,0.392,299.0
2022,Hungarian Grand Prix,BOT,601.0,0.0007,,,8.0,0.78,298.0
2022,Hungarian Grand Prix,MAG,601.0,0.0007,,,13.0,1.448,300.0
2022,Hungarian Grand Prix,OCO,601.0,0.0007,,,5.0,0.641,296.0
2022,Hungarian Grand Prix,GAS,601.0,0.0007,,,19.0,2.15,299.0
2022,Hungarian Grand Prix,STR,901.0,0.0004,,,14.0,1.76,299.0
2022,Hungarian Grand Prix,ZHO,901.0,0.0004,,,12.0,1.196,297.0
2022,Hungarian Grand Prix,ALB,901.0,0.0004,,,17.0,1.879,310.0
2022,Hungarian Grand Prix,LAT,901.0,0.0004,,,20.0,2.193,304.0
2022,Hungarian Grand Prix,MSC,901.0,0.0004,,,15.0,1.825,301.0
2022,Hungarian Grand Prix,VET,901.0,0.0004,,,18.0,1.896,299.0
2022,Hungarian Grand Prix,TSU,901.0,0.0004,,,16.0,1.863,301.0
2022,Italian Grand Prix,VER,1.35,0.6963,1.3,0.7286,2.0,0.145,342.0
2022,Italian Grand Prix,LEC,7.0,0.0957,1.6,0.5671,1.0,0.0,341.0
2022,Italian Grand Prix,RUS,11.0,0.0555,2.4,0.3477,6.0,1.381,337.0
2022,Italian Grand Prix,HAM,11.0,0.0555,1.7,0.5271,5.0,1.363,338.0
2022,Italian Grand Prix,PER,13.0,0.0454,1.8,0.492,4.0,1.045,337.0
2022,Italian Grand Prix,SAI,26.0,0.0197,3.0,0.2656,3.0,0.268,337.0
2022,Italian Grand Prix,RIC,67.0,0.0063,,,8.0,1.764,340.0
2022,Italian Grand Prix,STR,126.0,0.0029,,,18.0,2.5869999999999997,339.0
2022,Italian Grand Prix,VET,126.0,0.0029,,,17.0,2.475,334.0
2022,Italian Grand Prix,MAG,126.0,0.0029,,,19.0,2.747,333.0
2022,Italian Grand Prix,ALB,126.0,0.0029,,,,,
2022,Italian Grand Prix,ALO,151.0,0.0024,17.0,0.0327,10.0,1.7,336.0
2022,Italian Grand Prix,BOT,151.0,0.0024,,,12.0,2.074,339.0
2022,Italian Grand Prix,MSC,151.0,0.0024,,,20.0,2.844,329.0
2022,Italian Grand Prix,GAS,151.0,0.0024,,,9.0,2.487,342.0
2022,Italian Grand Prix,NOR,301.0,0.001,26.0,0.0196,7.0,1.423,341.0
2022,Italian Grand Prix,TSU,301.0,0.001,,,15.0,1.859,342.0
2022,Italian Grand Prix,ZHO,301.0,0.001,,,14.0,2.416,343.0
2022,Italian Grand Prix,LAT,301.0,0.001,,,16.0,2.426,344.0
2022,Italian Grand Prix,OCO,601.0,0.0004,26.0,0.0196,11.0,1.9689999999999999,341.0
2022,Japan Grand Prix,VER,1.5,0.6246,1.3,0.7366,1.0,0.0,303.0
2022,Japan Grand Prix,LEC,4.0,0.2,1.4,0.6757,2.0,0.01,300.0
2022,Japan Grand Prix,PER,11.0,0.0618,2.2,0.3991,4.0,0.405,301.0
2022,Japan Grand Prix,HAM,13.0,0.0509,2.2,0.3991,6.0,0.957,292.0
2022,Japan Grand Prix,SAI,19.0,0.0328,2.2,0.3991,3.0,0.057,302.0
2022,Japan Grand Prix,RUS,26.0,0.0228,3.2,0.2579,8.0,1.085,292.0
2022,Japan Grand Prix,NOR,301.0,0.0013,17.0,0.0368,10.0,1.6989999999999998,297.0
2022,Japan Grand Prix,ALO,301.0,0.0013,26.0,0.0225,7.0,1.018,301.0
2022,Japan Grand Prix,RIC,901.0,0.0004,26.0,0.0225,11.0,1.355,295.0
2022,Japan Grand Prix,OCO,901.0,0.0004,26.0,0.0225,5.0,0.861,300.0
2022,Japan Grand Prix,STR,901.0,0.0004,101.0,0.0046,19.0,2.115,295.0
2022,Japan Grand Prix,VET,901.0,0.0004,101.0,0.0046,9.0,1.25,295.0
2022,Japan Grand Prix,GAS,901.0,0.0004,101.0,0.0046,17.0,2.018,300.0
2022,Japan Grand Prix,ZHO,901.0,0.0004,201.0,0.0021,14.0,1.649,297.0
2022,Japan Grand Prix,ALB,901.0,0.0004,201.0,0.0021,16.0,2.007,306.0
2022,Japan Grand Prix,LAT,901.0,0.0004,201.0,0.0021,20.0,2.207,307.0
2022,Japan Grand Prix,MSC,901.0,0.0004,201.0,0.0021,15.0,2.135,294.0
2022,Japan Grand Prix,MAG,901.0,0.0004,201.0,0.0021,18.0,2.048,295.0
2022,Japan Grand Prix,BOT,901.0,0.0004,201.0,0.0021,12.0,1.405,296.0
2022,Japan Grand Prix,TSU,901.0,0.0004,201.0,0.0021,13.0,1.504,301.0
2022,Mexican Grand Prix,VER,1.57,0.592,1.25,0.7628,1.0,0.0,349.0
2022,Mexican Grand Prix,PER,5.5,0.1379,1.75,0.5071,4.0,0.353,348.0
2022,Mexican Grand Prix,LEC,6.0,0.1246,1.5,0.6114,7.0,0.78,342.0
2022,Mexican Grand Prix,SAI,13.0,0.0507,2.35,0.3546,5.0,0.576,345.0
2022,Mexican Grand Prix,HAM,13.0,0.0507,2.2,0.3842,3.0,0.309,344.0
2022,Mexican Grand Prix,RUS,26.0,0.0227,3.2,0.2438,2.0,0.304,345.0
2022,Mexican Grand Prix,STR,101.0,0.0047,67.0,0.0061,18.0,2.745,343.0
2022,Mexican Grand Prix,VET,101.0,0.0047,67.0,0.0061,17.0,2.644,343.0
2022,Mexican Grand Prix,RIC,151.0,0.0029,67.0,0.0061,11.0,1.55,345.0
2022,Mexican Grand Prix,OCO,151.0,0.0029,34.0,0.0139,10.0,1.2349999999999999,345.0
2022,Mexican Grand Prix,NOR,251.0,0.0016,13.0,0.0445,8.0,0.946,347.0
2022,Mexican Grand Prix,ALO,251.0,0.0016,13.0,0.0445,9.0,1.164,342.0
2022,Mexican Grand Prix,ZHO,901.0,0.0004,251.0,0.0012,12.0,1.701,343.0
2022,Mexican Grand Prix,ALB,901.0,0.0004,251.0,0.0012,19.0,3.084,348.0
2022,Mexican Grand Prix,GAS,901.0,0.0004,67.0,0.0061,14.0,1.897,346.0
2022,Mexican Grand Prix,LAT,901.0,0.0004,601.0,0.0004,20.0,3.392,348.0
2022,Mexican Grand Prix,MSC,901.0,0.0004,251.0,0.0012,16.0,2.644,351.0
2022,Mexican Grand Prix,MAG,901.0,0.0004,251.0,0.0012,15.0,2.058,348.0
2022,Mexican Grand Prix,BOT,901.0,0.0004,151.0,0.0023,6.0,0.626,345.0
2022,Mexican Grand Prix,TSU,901.0,0.0004,251.0,0.0012,13.0,1.814,346.0
2022,Miami Grand Prix,VER,2.0,0.4512,1.3,0.7351,3.0,0.195,334.0
2022,Miami Grand Prix,LEC,2.25,0.3941,1.4,0.6739,1.0,0.0,323.0
2022,Miami Grand Prix,SAI,13.0,0.0526,2.1,0.4189,2.0,0.19,322.0
2022,Miami Grand Prix,PER,15.0,0.0446,1.9,0.471,4.0,0.24,332.0
2022,Miami Grand Prix,NOR,34.0,0.0174,5.0,0.1514,8.0,0.954,320.0
2022,Miami Grand Prix,RIC,67.0,0.008,13.0,0.0494,14.0,1.514,314.0
2022,Miami Grand Prix,RUS,67.0,0.008,5.0,0.1514,12.0,1.377,322.0
2022,Miami Grand Prix,HAM,67.0,0.008,5.0,0.1514,6.0,0.829,324.0
2022,Miami Grand Prix,OCO,151.0,0.0031,26.0,0.0219,20.0,,
2022,Miami Grand Prix,ALO,151.0,0.0031,11.0,0.0601,11.0,1.3639999999999999,326.0
2022,Miami Grand Prix,BOT,151.0,0.0031,15.0,0.0417,5.0,0.679,324.0
2022,Miami Grand Prix,MAG,301.0,0.0014,34.0,0.016,16.0,2.179,326.0
2022,Miami Grand Prix,GAS,301.0,0.0014,34.0,0.016,7.0,0.894,326.0
2022,Miami Grand Prix,TSU,601.0,0.0006,51.0,0.0099,9.0,1.1360000000000001,327.0
2022,Miami Grand Prix,ZHO,601.0,0.0006,101.0,0.0045,17.0,2.224,326.0
2022,Miami Grand Prix,VET,601.0,0.0006,51.0,0.0099,13.0,1.418,324.0
2022,Miami Grand Prix,MSC,601.0,0.0006,51.0,0.0099,15.0,1.627,324.0
2022,Miami Grand Prix,STR,901.0,0.0004,101.0,0.0045,10.0,1.88,325.0
2022,Miami Grand Prix,ALB,901.0,0.0004,251.0,0.0015,18.0,2.4699999999999998,327.0
2022,Miami Grand Prix,LAT,901.0,0.0004,251.0,0.0015,19.0,2.529,324.0
2022,Monaco Grand Prix,LEC,2.0,0.4487,1.3,0.7341,1.0,0.0,279.0
2022,Monaco Grand Prix,VER,2.25,0.3916,1.3,0.7341,4.0,0.29,282.0
2022,Monaco Grand Prix,SAI,17.0,0.0378,2.1,0.4172,2.0,0.225,281.0
2022,Monaco Grand Prix,PER,17.0,0.0378,2.5,0.3398,3.0,0.253,282.0
2022,Monaco Grand Prix,RUS,17.0,0.0378,3.5,0.2286,6.0,0.736,277.0
2022,Monaco Grand Prix,HAM,17.0,0.0378,3.5,0.2286,8.0,1.184,280.0
2022,Monaco Grand Prix,NOR,301.0,0.0014,11.0,0.0593,5.0,0.473,280.0
2022,Monaco Grand Prix,BOT,301.0,0.0014,6.5,0.1102,12.0,1.533,280.0
2022,Monaco Grand Prix,RIC,601.0,0.0006,26.0,0.0215,14.0,1.588,282.0
2022,Monaco Grand Prix,MSC,601.0,0.0006,51.0,0.0097,15.0,1.705,284.0
2022,Monaco Grand Prix,MAG,601.0,0.0006,26.0,0.0215,13.0,1.545,282.0
2022,Monaco Grand Prix,ALO,601.0,0.0006,15.0,0.0412,7.0,0.871,277.0
2022,Monaco Grand Prix,OCO,601.0,0.0006,26.0,0.0215,10.0,1.671,280.0
2022,Monaco Grand Prix,STR,901.0,0.0004,67.0,0.0071,18.0,2.302,283.0
2022,Monaco Grand Prix,ZHO,901.0,0.0004,201.0,0.0019,20.0,4.23,279.0
2022,Monaco Grand Prix,ALB,901.0,0.0004,201.0,0.0019,16.0,2.235,284.0
2022,Monaco Grand Prix,GAS,901.0,0.0004,67.0,0.0071,17.0,2.284,283.0
2022,Monaco Grand Prix,LAT,901.0,0.0004,601.0,0.0005,19.0,3.027,285.0
2022,Monaco Grand Prix,VET,901.0,0.0004,51.0,0.0097,9.0,1.3559999999999999,282.0
2022,Monaco Grand Prix,TSU,901.0,0.0004,101.0,0.0044,11.0,1.421,281.0
2022,Saudi Grand Prix,LEC,2.35,0.3818,1.25,0.7749,2.0,0.025,325.0
2022,Saudi Grand Prix,VER,2.5,0.3561,1.25,0.7749,4.0,0.261,334.0
2022,Saudi Grand Prix,SAI,8.0,0.096,1.85,0.495,3.0,0.202,327.0
2022,Saudi Grand Prix,HAM,11.0,0.0671,3.5,0.2388,16.0,2.143,324.0
2022,Saudi Grand Prix,PER,15.0,0.0473,3.0,0.2848,1.0,0.0,335.0
2022,Saudi Grand Prix,RUS,34.0,0.0188,6.0,0.129,6.0,0.904,322.0
2022,Saudi Grand Prix,MAG,67.0,0.0088,11.0,0.0645,10.0,1.388,329.0
2022,Saudi Grand Prix,BOT,151.0,0.0035,13.0,0.0533,8.0,0.983,326.0
2022,Saudi Grand Prix,OCO,151.0,0.0035,26.0,0.0241,5.0,0.868,326.0
2022,Saudi Grand Prix,ALO,151.0,0.0035,21.0,0.0308,7.0,0.947,328.0
2022,Saudi Grand Prix,GAS,151.0,0.0035,21.0,0.0308,9.0,1.054,328.0
2022,Saudi Grand Prix,ZHO,301.0,0.0016,34.0,0.0178,13.0,1.619,327.0
2022,Saudi Grand Prix,RIC,301.0,0.0016,41.0,0.0143,12.0,1.573,321.0
2022,Saudi Grand Prix,MSC,301.0,0.0016,34.0,0.0178,14.0,1.72,327.0
2022,Saudi Grand Prix,TSU,301.0,0.0016,34.0,0.0178,20.0,,
2022,Saudi Grand Prix,NOR,301.0,0.0016,34.0,0.0178,11.0,1.451,323.0
2022,Saudi Grand Prix,VET,601.0,0.0007,101.0,0.0051,,,
2022,Saudi Grand Prix,STR,901.0,0.0005,101.0,0.0051,15.0,2.809,326.0
2022,Saudi Grand Prix,ALB,901.0,0.0005,251.0,0.0018,17.0,2.292,326.0
2022,Saudi Grand Prix,LAT,901.0,0.0005,251.0,0.0018,19.0,3.617,325.0
2022,Singapore Grand Prix,VER,1.4,0.6748,1.25,0.7664,8.0,1.983,284.0
2022,Singapore Grand Prix,LEC,5.0,0.1524,1.5,0.6167,1.0,0.0,283.0
2022,Singapore Grand Prix,SAI,12.0,0.0548,2.1,0.4129,4.0,0.171,284.0
2022,Singapore Grand Prix,HAM,15.0,0.0422,1.9,0.4652,3.0,0.054,283.0
2022,Singapore Grand Prix,PER,17.0,0.0364,3.2,0.2499,2.0,0.022,287.0
2022,Singapore Grand Prix,RUS,19.0,0.032,2.3,0.3704,11.0,4.6,278.0
2022,Singapore Grand Prix,NOR,301.0,0.0013,17.0,0.0341,6.0,1.172,283.0
2022,Singapore Grand Prix,ALO,301.0,0.0013,17.0,0.0341,5.0,0.554,282.0
2022,Singapore Grand Prix,RIC,601.0,0.0006,51.0,0.0092,17.0,6.814,281.0
2022,Singapore Grand Prix,OCO,601.0,0.0006,26.0,0.0206,18.0,6.925,277.0
2022,Singapore Grand Prix,GAS,601.0,0.0006,151.0,0.0025,7.0,1.799,285.0
2022,Singapore Grand Prix,STR,901.0,0.0004,151.0,0.0025,12.0,4.799,278.0
2022,Singapore Grand Prix,ZHO,901.0,0.0004,251.0,0.0014,15.0,6.106,277.0
2022,Singapore Grand Prix,ALB,901.0,0.0004,151.0,0.0025,19.0,7.573,285.0
2022,Singapore Grand Prix,LAT,901.0,0.0004,251.0,0.0014,20.0,8.12,285.0
2022,Singapore Grand Prix,MSC,901.0,0.0004,251.0,0.0014,13.0,4.958,279.0
2022,Singapore Grand Prix,VET,901.0,0.0004,151.0,0.0025,14.0,4.968,278.0
2022,Singapore Grand Prix,MAG,901.0,0.0004,251.0,0.0014,9.0,2.161,282.0
2022,Singapore Grand Prix,BOT,901.0,0.0004,151.0,0.0025,16.0,6.671,276.0
2022,Singapore Grand Prix,TSU,901.0,0.0004,151.0,0.0025,10.0,2.5709999999999997,283.0
2022,Spain Grand Prix,VER,2.0,0.4485,1.36,0.6944,2.0,0.323,318.0
2022,Spain Grand Prix,LEC,2.2,0.4017,1.32,0.7195,1.0,0.0,316.0
2022,Spain Grand Prix,SAI,13.0,0.0515,1.8,0.498,3.0,0.416,316.0
2022,Spain Grand Prix,PER,17.0,0.0377,1.8,0.498,5.0,0.67,320.0
2022,Spain Grand Prix,RUS,26.0,0.0231,5.0,0.1483,4.0,0.643,322.0
2022,Spain Grand Prix,HAM,26.0,0.0231,5.0,0.1483,6.0,0.762,318.0
2022,Spain Grand Prix,NOR,151.0,0.003,10.0,0.0652,11.0,1.721,320.0
2022,Spain Grand Prix,BOT,151.0,0.003,9.0,0.0738,7.0,0.858,318.0
2022,Spain Grand Prix,RIC,301.0,0.0014,21.0,0.027,9.0,1.5470000000000002,316.0
2022,Spain Grand Prix,OCO,301.0,0.0014,21.0,0.027,12.0,1.888,316.0
2022,Spain Grand Prix,ALO,301.0,0.0014,13.0,0.0477,17.0,2.293,317.0
2022,Spain Grand Prix,TSU,601.0,0.0006,67.0,0.0068,13.0,1.889,319.0
2022,Spain Grand Prix,MSC,601.0,0.0006,67.0,0.0068,10.0,1.6179999999999999,321.0
2022,Spain Grand Prix,MAG,601.0,0.0006,34.0,0.0153,8.0,0.932,322.0
2022,Spain Grand Prix,GAS,601.0,0.0006,34.0,0.0153,14.0,2.111,322.0
2022,Spain Grand Prix,STR,901.0,0.0004,251.0,0.0014,18.0,2.668,318.0
2022,Spain Grand Prix,ZHO,901.0,0.0004,151.0,0.0026,15.0,2.344,320.0
2022,Spain Grand Prix,ALB,901.0,0.0004,201.0,0.0019,19.0,2.895,322.0
2022,Spain Grand Prix,LAT,901.0,0.0004,301.0,0.0011,20.0,3.165,321.0
2022,Spain Grand Prix,VET,901.0,0.0004,251.0,0.0014,16.0,2.204,318.0
2022,São Paulo Grand Prix,VER,1.45,0.6502,1.25,0.7604,2.0,0.203,330.0
2022,São Paulo Grand Prix,LEC,7.0,0.1049,1.6,0.5616,10.0,-0.724,319.0
2022,São Paulo Grand Prix,HAM,7.0,0.1049,1.6,0.5616,8.0,0.937,320.0
2022,São Paulo Grand Prix,PER,13.0,0.0512,1.8,0.486,9.0,3.927,332.0
2022,São Paulo Grand Prix,RUS,13.0,0.0512,2.5,0.3247,3.0,0.385,320.0
2022,São Paulo Grand Prix,SAI,21.0,0.0294,3.4,0.2226,5.0,0.683,322.0
2022,São Paulo Grand Prix,NOR,301.0,0.0013,26.0,0.0183,4.0,0.589,326.0
2022,São Paulo Grand Prix,ALO,301.0,0.0013,26.0,0.0183,7.0,0.83,327.0
2022,São Paulo Grand Prix,BOT,601.0,0.0006,81.0,0.0045,18.0,3.8120000000000003,300.0
2022,São Paulo Grand Prix,RIC,601.0,0.0006,51.0,0.008,14.0,0.466,326.0
2022,São Paulo Grand Prix,OCO,601.0,0.0006,26.0,0.0183,6.0,0.751,326.0
2022,São Paulo Grand Prix,GAS,601.0,0.0006,81.0,0.0045,12.0,0.001,329.0
2022,São Paulo Grand Prix,STR,901.0,0.0004,151.0,0.0021,15.0,0.536,321.0
2022,São Paulo Grand Prix,ZHO,901.0,0.0004,151.0,0.0021,17.0,3.523,295.0
2022,São Paulo Grand Prix,ALB,901.0,0.0004,151.0,0.0021,11.0,-0.04300000000000004,318.0
2022,São Paulo Grand Prix,LAT,901.0,0.0004,301.0,0.0009,16.0,3.421,308.0
2022,São Paulo Grand Prix,MSC,901.0,0.0004,301.0,0.0009,20.0,4.687,299.0
2022,São Paulo Grand Prix,VET,901.0,0.0004,151.0,0.0021,13.0,0.004,321.0
2022,São Paulo Grand Prix,MAG,901.0,0.0004,301.0,0.0009,1.0,0.0,323.0
2022,São Paulo Grand Prix,TSU,901.0,0.0004,,,19.0,4.59,300.0
2022,United States Grand Prix,VER,1.4,0.6741,1.25,0.7617,3.0,0.092,326.0
2022,United States Grand Prix,LEC,5.0,0.1516,1.5,0.6098,2.0,0.065,320.0
2022,United States Grand Prix,PER,10.0,0.0673,2.0,0.4294,4.0,0.289,323.0
2022,United States Grand Prix,HAM,15.0,0.0418,2.2,0.3823,5.0,0.591,318.0
2022,United States Grand Prix,SAI,17.0,0.0361,2.2,0.3823,1.0,0.0,320.0
2022,United States Grand Prix,RUS,26.0,0.0219,2.5,0.3271,6.0,0.632,318.0
2022,United States Grand Prix,NOR,301.0,0.0012,13.0,0.0438,8.0,1.334,320.0
2022,United States Grand Prix,ALO,301.0,0.0012,26.0,0.0188,9.0,1.52,321.0
2022,United States Grand Prix,RIC,601.0,0.0006,51.0,0.0083,17.0,2.69,313.0
2022,United States Grand Prix,VET,601.0,0.0006,67.0,0.0059,12.0,2.042,315.0
2022,United States Grand Prix,OCO,601.0,0.0006,26.0,0.0188,18.0,2.7119999999999997,317.0
2022,United States Grand Prix,STR,901.0,0.0003,151.0,0.0022,7.0,1.242,315.0
2022,United States Grand Prix,ZHO,901.0,0.0003,251.0,0.0012,14.0,2.614,319.0
2022,United States Grand Prix,ALB,901.0,0.0003,251.0,0.0012,11.0,2.012,324.0
2022,United States Grand Prix,GAS,901.0,0.0003,151.0,0.0022,13.0,2.384,317.0
2022,United States Grand Prix,LAT,901.0,0.0003,601.0,0.0004,20.0,2.888,325.0
2022,United States Grand Prix,MSC,901.0,0.0003,251.0,0.0012,19.0,2.755,318.0
2022,United States Grand Prix,MAG,901.0,0.0003,251.0,0.0012,16.0,2.593,318.0
2022,United States Grand Prix,BOT,901.0,0.0003,251.0,0.0012,10.0,1.963,318.0
2022,United States Grand Prix,TSU,901.0,0.0003,251.0,0.0012,15.0,2.791,319.0
2023,Australian Grand Prix,VER,1.35,0.7023,1.2,0.8104,1.0,0.0,325.0
2023,Australian Grand Prix,PER,5.5,0.1344,1.4,0.6785,20.0,,
2023,Australian Grand Prix,ALO,9.5,0.0706,1.6,0.5817,4.0,0.407,318.0
2023,Australian Grand Prix,LEC,19.0,0.0312,2.4,0.3645,7.0,0.637,321.0
2023,Australian Grand Prix,HAM,26.0,0.0216,4.5,0.1766,3.0,0.372,322.0
2023,Australian Grand Prix,SAI,34.0,0.0157,4.35,0.1836,5.0,0.538,319.0
2023,Australian Grand Prix,RUS,34.0,0.0157,5.5,0.1401,2.0,0.236,322.0
2023,Australian Grand Prix,STR,151.0,0.0027,51.0,0.0108,6.0,0.576,318.0
2023,Australian Grand Prix,OCO,301.0,0.0012,51.0,0.0108,11.0,1.036,319.0
2023,Australian Grand Prix,GAS,301.0,0.0012,51.0,0.0108,9.0,0.943,323.0
2023,Australian Grand Prix,HUL,901.0,0.0003,101.0,0.0049,10.0,1.003,322.0
2023,Australian Grand Prix,NOR,901.0,0.0003,101.0,0.0049,13.0,1.387,322.0
2023,Australian Grand Prix,MAG,901.0,0.0003,101.0,0.0049,14.0,1.397,323.0
2023,Australian Grand Prix,PIA,901.0,0.0003,101.0,0.0049,16.0,1.7850000000000001,321.0
2023,Australian Grand Prix,BOT,901.0,0.0003,151.0,0.0031,19.0,1.982,317.0
2023,Australian Grand Prix,ZHO,901.0,0.0003,201.0,0.0022,17.0,1.808,319.0
2023,Australian Grand Prix,ALB,901.0,0.0003,201.0,0.0022,8.0,0.877,322.0
2023,Australian Grand Prix,TSU,901.0,0.0003,251.0,0.0017,12.0,1.367,319.0
2023,Australian Grand Prix,SAR,901.0,0.0003,251.0,0.0017,18.0,1.825,325.0
2023,Australian Grand Prix,DEV,901.0,0.0003,251.0,0.0017,15.0,1.603,318.0
2023,Austria Grand Prix,VER,1.28,0.7402,1.2,0.8057,1.0,0.0,317.0
2023,Austria Grand Prix,ALO,8.5,0.0736,1.65,0.5524,7.0,0.52,314.0
2023,Austria Grand Prix,PER,10.0,0.0604,1.82,0.4918,15.0,62.297,319.0
2023,Austria Grand Prix,HAM,13.0,0.0439,1.9,0.4674,5.0,0.428,314.0
2023,Austria Grand Prix,LEC,26.0,0.0188,3.4,0.2345,2.0,0.048,318.0
2023,Austria Grand Prix,RUS,29.0,0.0165,3.75,0.2088,11.0,1.037,315.0
2023,Austria Grand Prix,SAI,34.0,0.0136,5.0,0.1485,3.0,0.19,317.0
2023,Austria Grand Prix,NOR,51.0,0.0083,,,4.0,0.267,315.0
2023,Austria Grand Prix,ALB,101.0,0.0036,,,10.0,1.432,319.0
2023,Austria Grand Prix,PIA,126.0,0.0028,,,13.0,1.214,313.0
2023,Austria Grand Prix,SAR,151.0,0.0022,,,18.0,1.557,319.0
2023,Austria Grand Prix,ZHO,151.0,0.0022,,,17.0,1.427,316.0
2023,Austria Grand Prix,MAG,151.0,0.0022,,,19.0,1.58,316.0
2023,Austria Grand Prix,DEV,151.0,0.0022,,,20.0,1.583,313.0
2023,Austria Grand Prix,BOT,151.0,0.0022,,,14.0,1.289,314.0
2023,Austria Grand Prix,TSU,151.0,0.0022,,,16.0,1.393,313.0
2023,Austria Grand Prix,HUL,151.0,0.0022,,,8.0,0.699,315.0
2023,Austria Grand Prix,STR,301.0,0.001,17.0,0.0348,6.0,0.502,315.0
2023,Austria Grand Prix,OCO,301.0,0.001,17.0,0.0348,12.0,1.062,313.0
2023,Austria Grand Prix,GAS,301.0,0.001,26.0,0.0211,9.0,0.779,313.0
2023,Azerbaijan Grand Prix,VER,1.4,0.6761,1.22,0.788,2.0,0.188,319.0
2023,Azerbaijan Grand Prix,PER,5.5,0.1376,1.44,0.646,3.0,0.292,318.0
2023,Azerbaijan Grand Prix,ALO,12.0,0.0555,1.62,0.561,6.0,1.05,321.0
2023,Azerbaijan Grand Prix,HAM,13.0,0.0506,2.65,0.3111,5.0,0.974,317.0
2023,Azerbaijan Grand Prix,SAI,26.0,0.0226,5.5,0.1297,4.0,0.813,317.0
2023,Azerbaijan Grand Prix,LEC,26.0,0.0226,3.75,0.2052,1.0,0.0,317.0
2023,Azerbaijan Grand Prix,RUS,26.0,0.0226,3.75,0.2052,11.0,1.451,313.0
2023,Azerbaijan Grand Prix,STR,67.0,0.0075,7.5,0.0894,9.0,1.408,318.0
2023,Azerbaijan Grand Prix,OCO,601.0,0.0006,41.0,0.0117,12.0,1.595,316.0
2023,Azerbaijan Grand Prix,GAS,601.0,0.0006,41.0,0.0117,19.0,4.65,315.0
2023,Azerbaijan Grand Prix,NOR,901.0,0.0004,34.0,0.0146,7.0,1.078,312.0
2023,Azerbaijan Grand Prix,ALB,901.0,0.0004,81.0,0.0052,13.0,1.615,316.0
2023,Azerbaijan Grand Prix,HUL,901.0,0.0004,101.0,0.004,17.0,2.552,319.0
2023,Azerbaijan Grand Prix,SAR,901.0,0.0004,151.0,0.0025,15.0,2.192,320.0
2023,Azerbaijan Grand Prix,ZHO,901.0,0.0004,151.0,0.0025,16.0,2.439,316.0
2023,Azerbaijan Grand Prix,MAG,901.0,0.0004,151.0,0.0025,18.0,3.214,315.0
2023,Azerbaijan Grand Prix,DEV,901.0,0.0004,151.0,0.0025,20.0,15.079,301.0
2023,Azerbaijan Grand Prix,BOT,901.0,0.0004,151.0,0.0025,14.0,2.056,314.0
2023,Azerbaijan Grand Prix,TSU,901.0,0.0004,151.0,0.0025,8.0,1.3780000000000001,318.0
2023,Azerbaijan Grand Prix,PIA,901.0,0.0004,151.0,0.0025,10.0,1.408,316.0
2023,Bahrain Grand Prix,VER,1.8,0.5153,1.25,0.7635,1.0,0.0,321.0
2023,Bahrain Grand Prix,LEC,4.5,0.1833,1.65,0.5458,3.0,0.292,322.0
2023,Bahrain Grand Prix,SAI,10.0,0.0745,2.5,0.3302,4.0,0.446,323.0
2023,Bahrain Grand Prix,PER,10.0,0.0745,1.65,0.5458,2.0,0.138,324.0
2023,Bahrain Grand Prix,HAM,10.0,0.0745,2.8,0.2879,7.0,0.676,319.0
2023,Bahrain Grand Prix,RUS,19.0,0.0361,4.0,0.1871,6.0,0.632,317.0
2023,Bahrain Grand Prix,ALO,23.0,0.0291,3.25,0.2405,5.0,0.628,317.0
2023,Bahrain Grand Prix,STR,151.0,0.0035,34.0,0.0141,8.0,1.1280000000000001,317.0
2023,Bahrain Grand Prix,NOR,301.0,0.0016,34.0,0.0141,11.0,1.673,320.0
2023,Bahrain Grand Prix,BOT,301.0,0.0016,34.0,0.0141,12.0,1.7349999999999999,318.0
2023,Bahrain Grand Prix,OCO,601.0,0.0007,41.0,0.0112,9.0,1.276,320.0
2023,Bahrain Grand Prix,GAS,601.0,0.0007,67.0,0.0062,20.0,2.473,324.0
2023,Bahrain Grand Prix,MAG,601.0,0.0007,101.0,0.0038,17.0,2.184,317.0
2023,Bahrain Grand Prix,PIA,601.0,0.0007,67.0,0.0062,18.0,2.393,316.0
2023,Bahrain Grand Prix,HUL,601.0,0.0007,101.0,0.0038,10.0,1.101,317.0
2023,Bahrain Grand Prix,SAR,901.0,0.0005,151.0,0.0023,16.0,1.944,322.0
2023,Bahrain Grand Prix,ZHO,901.0,0.0005,34.0,0.0141,13.0,1.7650000000000001,318.0
2023,Bahrain Grand Prix,ALB,901.0,0.0005,101.0,0.0038,15.0,1.7530000000000001,322.0
2023,Bahrain Grand Prix,DEV,901.0,0.0005,126.0,0.0029,19.0,2.413,315.0
2023,Bahrain Grand Prix,TSU,901.0,0.0005,126.0,0.0029,14.0,2.802,316.0
2023,Barcelona Grand Prix,VER,1.4,0.6738,1.2,0.8023,1.0,0.0,328.0
2023,Barcelona Grand Prix,PER,4.2,0.1856,1.35,0.6959,11.0,1.062,328.0
2023,Barcelona Grand Prix,ALO,11.0,0.06,1.52,0.6029,9.0,1.2349999999999999,321.0
2023,Barcelona Grand Prix,LEC,26.0,0.0218,3.0,0.2652,19.0,1.807,331.0
2023,Barcelona Grand Prix,SAI,34.0,0.0159,5.0,0.143,2.0,0.462,326.0
2023,Barcelona Grand Prix,RUS,34.0,0.0159,4.75,0.1522,12.0,1.175,332.0
2023,Barcelona Grand Prix,HAM,34.0,0.0159,3.5,0.2201,5.0,0.546,323.0
2023,Barcelona Grand Prix,STR,151.0,0.0028,15.0,0.0379,6.0,0.722,321.0
2023,Barcelona Grand Prix,NOR,301.0,0.0012,34.0,0.0141,3.0,0.52,318.0
2023,Barcelona Grand Prix,OCO,301.0,0.0012,21.0,0.0253,7.0,0.811,326.0
2023,Barcelona Grand Prix,GAS,301.0,0.0012,21.0,0.0253,4.0,0.544,329.0
2023,Barcelona Grand Prix,ZHO,601.0,0.0005,251.0,0.0013,13.0,1.249,321.0
2023,Barcelona Grand Prix,ALB,601.0,0.0005,251.0,0.0013,18.0,1.791,325.0
2023,Barcelona Grand Prix,MAG,601.0,0.0005,126.0,0.0029,17.0,1.77,328.0
2023,Barcelona Grand Prix,HUL,601.0,0.0005,126.0,0.0029,8.0,0.957,325.0
2023,Barcelona Grand Prix,BOT,601.0,0.0005,151.0,0.0023,16.0,1.705,327.0
2023,Barcelona Grand Prix,TSU,601.0,0.0005,126.0,0.0029,15.0,2.205,324.0
2023,Barcelona Grand Prix,PIA,601.0,0.0005,251.0,0.0013,10.0,1.41,323.0
2023,Barcelona Grand Prix,SAR,901.0,0.0003,501.0,0.0005,20.0,2.427,325.0
2023,Barcelona Grand Prix,DEV,901.0,0.0003,501.0,0.0005,14.0,1.811,323.0
2023,Belgian Grand Prix,VER,1.3,0.7366,1.15,0.8411,1.0,0.0,307.0
2023,Belgian Grand Prix,NOR,11.0,0.0612,1.7,0.5183,7.0,1.501,304.0
2023,Belgian Grand Prix,PER,13.0,0.0504,1.65,0.5379,3.0,0.877,306.0
2023,Belgian Grand Prix,HAM,13.0,0.0504,2.45,0.3297,4.0,0.919,311.0
2023,Belgian Grand Prix,RUS,21.0,0.0288,3.75,0.1946,8.0,1.637,306.0
2023,Belgian Grand Prix,PIA,26.0,0.0225,4.0,0.1796,6.0,1.197,302.0
2023,Belgian Grand Prix,LEC,34.0,0.0164,6.0,0.1087,2.0,0.82,308.0
2023,Belgian Grand Prix,SAI,41.0,0.0132,7.0,0.0898,5.0,0.984,308.0
2023,Belgian Grand Prix,ALO,41.0,0.0132,5.5,0.1211,9.0,1.675,307.0
2023,Belgian Grand Prix,STR,251.0,0.0016,67.0,0.0055,10.0,2.673,305.0
2023,Belgian Grand Prix,ALB,601.0,0.0006,10.0,0.0578,16.0,14.146,296.0
2023,Belgian Grand Prix,OCO,601.0,0.0006,101.0,0.0033,15.0,10.204,308.0
2023,Belgian Grand Prix,GAS,601.0,0.0006,101.0,0.0033,12.0,7.503,309.0
2023,Belgian Grand Prix,TSU,601.0,0.0006,151.0,0.002,11.0,6.98,307.0
2023,Belgian Grand Prix,RIC,601.0,0.0006,151.0,0.002,19.0,15.991,287.0
2023,Belgian Grand Prix,SAR,601.0,0.0006,251.0,0.0011,18.0,15.367,293.0
2023,Belgian Grand Prix,ZHO,601.0,0.0006,251.0,0.0011,17.0,14.664,290.0
2023,Belgian Grand Prix,MAG,601.0,0.0006,251.0,0.0011,13.0,7.992,291.0
2023,Belgian Grand Prix,BOT,601.0,0.0006,251.0,0.0011,14.0,8.526,287.0
2023,Belgian Grand Prix,HUL,601.0,0.0006,251.0,0.0011,20.0,16.998,290.0
2023,Brazilian Grand Prix,VER,1.3,0.7365,1.1,0.8876,1.0,0.0,330.0
2023,Brazilian Grand Prix,HAM,9.0,0.0772,1.55,0.578,5.0,0.742,326.0
2023,Brazilian Grand Prix,NOR,13.0,0.0503,1.7,0.5149,7.0,1.26,328.0
2023,Brazilian Grand Prix,PER,19.0,0.0323,2.6,0.3027,9.0,1.5939999999999999,330.0
2023,Brazilian Grand Prix,RUS,21.0,0.0288,3.0,0.2531,6.0,0.863,324.0
2023,Brazilian Grand Prix,LEC,26.0,0.0224,4.5,0.1524,2.0,0.294,331.0
2023,Brazilian Grand Prix,PIA,29.0,0.0197,5.0,0.1336,10.0,-0.397,330.0
2023,Brazilian Grand Prix,SAI,29.0,0.0197,5.0,0.1336,8.0,1.262,329.0
2023,Brazilian Grand Prix,ALO,101.0,0.0046,17.0,0.0289,4.0,0.66,325.0
2023,Brazilian Grand Prix,OCO,251.0,0.0016,101.0,0.0031,12.0,-0.16500000000000004,338.0
2023,Brazilian Grand Prix,GAS,251.0,0.0016,101.0,0.0031,13.0,-0.16000000000000003,335.0
2023,Brazilian Grand Prix,STR,601.0,0.0006,251.0,0.001,3.0,0.617,329.0
2023,Brazilian Grand Prix,ZHO,601.0,0.0006,251.0,0.001,20.0,0.548,325.0
2023,Brazilian Grand Prix,SAR,601.0,0.0006,251.0,0.001,19.0,0.308,327.0
2023,Brazilian Grand Prix,ALB,601.0,0.0006,251.0,0.001,15.0,0.113,327.0
2023,Brazilian Grand Prix,RIC,601.0,0.0006,251.0,0.001,17.0,0.116,333.0
2023,Brazilian Grand Prix,MAG,601.0,0.0006,251.0,0.001,14.0,-0.0040000000000000036,329.0
2023,Brazilian Grand Prix,BOT,601.0,0.0006,251.0,0.001,18.0,0.228,327.0
2023,Brazilian Grand Prix,TSU,601.0,0.0006,251.0,0.001,16.0,0.11,330.0
2023,Brazilian Grand Prix,HUL,601.0,0.0006,251.0,0.001,11.0,-0.18000000000000005,330.0
2023,British Grand Prix,VER,1.3,0.7349,1.22,0.7859,1.0,0.0,326.0
2023,British Grand Prix,PER,8.0,0.087,1.57,0.579,15.0,3.248,300.0
2023,British Grand Prix,HAM,13.0,0.0492,2.0,0.4318,7.0,0.491,322.0
2023,British Grand Prix,LEC,17.0,0.0359,2.25,0.3744,4.0,0.416,325.0
2023,British Grand Prix,ALO,17.0,0.0359,2.35,0.3552,9.0,0.939,327.0
2023,British Grand Prix,RUS,23.0,0.0252,4.3,0.1708,6.0,0.435,322.0
2023,British Grand Prix,SAI,29.0,0.0192,4.3,0.1708,5.0,0.428,326.0
2023,British Grand Prix,STR,151.0,0.0028,26.0,0.0193,12.0,2.215,307.0
2023,British Grand Prix,NOR,201.0,0.002,9.0,0.0698,2.0,0.241,320.0
2023,British Grand Prix,OCO,301.0,0.0012,51.0,0.0085,13.0,2.2359999999999998,304.0
2023,British Grand Prix,PIA,301.0,0.0012,51.0,0.0085,3.0,0.372,319.0
2023,British Grand Prix,GAS,301.0,0.0012,67.0,0.0061,10.0,0.969,322.0
2023,British Grand Prix,SAR,601.0,0.0005,251.0,0.0012,14.0,2.311,308.0
2023,British Grand Prix,ZHO,601.0,0.0005,151.0,0.0023,17.0,3.403,294.0
2023,British Grand Prix,ALB,601.0,0.0005,101.0,0.0037,8.0,0.81,325.0
2023,British Grand Prix,MAG,601.0,0.0005,101.0,0.0037,19.0,5.658,297.0
2023,British Grand Prix,DEV,601.0,0.0005,251.0,0.0012,18.0,3.793,303.0
2023,British Grand Prix,BOT,601.0,0.0005,151.0,0.0023,15.0,3.078,298.0
2023,British Grand Prix,TSU,601.0,0.0005,201.0,0.0016,16.0,3.305,302.0
2023,British Grand Prix,HUL,601.0,0.0005,101.0,0.0037,11.0,2.176,300.0
2023,Canadian Grand Prix,VER,1.35,0.7026,1.2,0.8029,1.0,0.0,332.0
2023,Canadian Grand Prix,PER,5.0,0.1506,1.5,0.6137,12.0,-4.899,327.0
2023,Canadian Grand Prix,HAM,13.0,0.0489,2.0,0.434,4.0,1.7690000000000001,324.0
2023,Canadian Grand Prix,ALO,17.0,0.0357,1.75,0.5097,3.0,1.428,319.0
2023,Canadian Grand Prix,RUS,26.0,0.0216,3.0,0.2663,5.0,2.035,321.0
2023,Canadian Grand Prix,LEC,34.0,0.0158,5.0,0.1439,11.0,-5.243,326.0
2023,Canadian Grand Prix,SAI,34.0,0.0158,6.0,0.1156,8.0,3.436,321.0
2023,Canadian Grand Prix,STR,301.0,0.0012,17.0,0.033,13.0,-4.374,322.0
2023,Canadian Grand Prix,OCO,301.0,0.0012,21.0,0.0256,6.0,2.087,317.0
2023,Canadian Grand Prix,GAS,301.0,0.0012,23.0,0.0229,17.0,-2.972,303.0
2023,Canadian Grand Prix,NOR,601.0,0.0005,67.0,0.0063,7.0,2.188,321.0
2023,Canadian Grand Prix,TSU,601.0,0.0005,81.0,0.005,16.0,-3.112,311.0
2023,Canadian Grand Prix,HUL,601.0,0.0005,81.0,0.005,2.0,1.244,326.0
2023,Canadian Grand Prix,MAG,601.0,0.0005,81.0,0.005,14.0,-4.18,321.0
2023,Canadian Grand Prix,PIA,601.0,0.0005,81.0,0.005,9.0,5.491,324.0
2023,Canadian Grand Prix,ALB,601.0,0.0005,251.0,0.0013,10.0,-7.133,338.0
2023,Canadian Grand Prix,ZHO,601.0,0.0005,251.0,0.0013,20.0,-2.516,306.0
2023,Canadian Grand Prix,DEV,601.0,0.0005,251.0,0.0013,18.0,-2.721,310.0
2023,Canadian Grand Prix,BOT,601.0,0.0005,251.0,0.0013,15.0,-4.037,320.0
2023,Canadian Grand Prix,SAR,601.0,0.0005,301.0,0.001,19.0,-2.521,313.0
2023,Dutch Grand Prix,VER,1.25,0.7683,1.07,0.9208,1.0,0.0,325.0
2023,Dutch Grand Prix,PER,11.0,0.0589,1.5,0.6097,7.0,1.313,326.0
2023,Dutch Grand Prix,HAM,15.0,0.0408,2.2,0.3821,13.0,9.584,293.0
2023,Dutch Grand Prix,NOR,17.0,0.0352,2.2,0.3821,2.0,0.537,319.0
2023,Dutch Grand Prix,PIA,26.0,0.0213,4.5,0.1596,8.0,1.371,319.0
2023,Dutch Grand Prix,LEC,26.0,0.0213,3.25,0.2373,9.0,2.098,323.0
2023,Dutch Grand Prix,SAI,34.0,0.0155,7.0,0.0931,6.0,1.187,326.0
2023,Dutch Grand Prix,RUS,34.0,0.0155,7.0,0.0931,3.0,0.727,318.0
2023,Dutch Grand Prix,ALO,34.0,0.0155,7.0,0.0931,5.0,0.939,322.0
2023,Dutch Grand Prix,STR,301.0,0.0012,51.0,0.0082,11.0,9.554,296.0
2023,Dutch Grand Prix,OCO,301.0,0.0012,101.0,0.0036,17.0,11.543,268.0
2023,Dutch Grand Prix,GAS,301.0,0.0012,101.0,0.0036,12.0,9.561,299.0
2023,Dutch Grand Prix,SAR,601.0,0.0005,251.0,0.0012,10.0,6.181,319.0
2023,Dutch Grand Prix,ZHO,601.0,0.0005,151.0,0.0022,16.0,11.5,282.0
2023,Dutch Grand Prix,ALB,601.0,0.0005,101.0,0.0036,4.0,0.852,321.0
2023,Dutch Grand Prix,RIC,601.0,0.0005,251.0,0.0012,,,
2023,Dutch Grand Prix,MAG,601.0,0.0005,251.0,0.0012,18.0,11.625,291.0
2023,Dutch Grand Prix,BOT,601.0,0.0005,151.0,0.0022,19.0,11.693,296.0
2023,Dutch Grand Prix,TSU,601.0,0.0005,251.0,0.0012,14.0,9.663,295.0
2023,Dutch Grand Prix,HUL,601.0,0.0005,251.0,0.0012,15.0,9.683,292.0
2023,Hungarian Grand Prix,VER,1.4,0.681,1.15,0.8452,2.0,0.003,304.0
2023,Hungarian Grand Prix,PER,11.0,0.0647,1.8,0.493,9.0,0.436,300.0
2023,Hungarian Grand Prix,HAM,13.0,0.0535,2.2,0.3872,1.0,0.0,302.0
2023,Hungarian Grand Prix,ALO,13.0,0.0535,1.9,0.4619,8.0,0.426,303.0
2023,Hungarian Grand Prix,NOR,19.0,0.0347,3.5,0.2215,3.0,0.085,303.0
2023,Hungarian Grand Prix,LEC,19.0,0.0347,3.75,0.2038,6.0,0.383,303.0
2023,Hungarian Grand Prix,SAI,19.0,0.0347,4.5,0.1637,11.0,1.094,307.0
2023,Hungarian Grand Prix,RUS,26.0,0.0242,5.0,0.1442,18.0,2.418,300.0
2023,Hungarian Grand Prix,STR,151.0,0.0033,51.0,0.0088,14.0,1.5350000000000001,302.0
2023,Hungarian Grand Prix,OCO,151.0,0.0033,51.0,0.0088,12.0,1.232,305.0
2023,Hungarian Grand Prix,PIA,151.0,0.0033,17.0,0.0331,4.0,0.296,303.0
2023,Hungarian Grand Prix,GAS,151.0,0.0033,51.0,0.0088,15.0,1.608,304.0
2023,Hungarian Grand Prix,RIC,301.0,0.0015,67.0,0.0063,13.0,1.393,299.0
2023,Hungarian Grand Prix,SAR,601.0,0.0007,251.0,0.0013,20.0,2.6390000000000002,301.0
2023,Hungarian Grand Prix,ZHO,601.0,0.0007,251.0,0.0013,5.0,0.362,304.0
2023,Hungarian Grand Prix,ALB,601.0,0.0007,101.0,0.0039,16.0,2.308,301.0
2023,Hungarian Grand Prix,MAG,601.0,0.0007,201.0,0.0017,19.0,2.597,303.0
2023,Hungarian Grand Prix,BOT,601.0,0.0007,251.0,0.0013,7.0,0.425,304.0
2023,Hungarian Grand Prix,TSU,601.0,0.0007,151.0,0.0024,17.0,2.31,299.0
2023,Hungarian Grand Prix,HUL,601.0,0.0007,201.0,0.0017,10.0,0.577,301.0
2023,Italian Grand Prix,VER,1.25,0.7691,1.1,0.894,2.0,0.013,341.0
2023,Italian Grand Prix,PER,9.5,0.0708,1.6,0.5756,5.0,0.394,344.0
2023,Italian Grand Prix,NOR,21.0,0.0278,2.5,0.3407,9.0,0.685,339.0
2023,Italian Grand Prix,RUS,21.0,0.0278,5.0,0.1509,4.0,0.377,338.0
2023,Italian Grand Prix,HAM,21.0,0.0278,2.75,0.3046,8.0,0.526,338.0
2023,Italian Grand Prix,ALO,21.0,0.0278,2.75,0.3046,10.0,1.123,344.0
2023,Italian Grand Prix,PIA,34.0,0.0158,7.0,0.1016,7.0,0.491,340.0
2023,Italian Grand Prix,LEC,34.0,0.0158,5.0,0.1509,3.0,0.067,344.0
2023,Italian Grand Prix,SAI,67.0,0.0071,7.0,0.1016,1.0,0.0,347.0
2023,Italian Grand Prix,ALB,151.0,0.0027,17.0,0.0358,6.0,0.466,347.0
2023,Italian Grand Prix,STR,301.0,0.0012,67.0,0.0071,20.0,2.566,340.0
2023,Italian Grand Prix,OCO,301.0,0.0012,67.0,0.0071,18.0,2.254,346.0
2023,Italian Grand Prix,GAS,301.0,0.0012,67.0,0.0071,17.0,2.251,346.0
2023,Italian Grand Prix,SAR,601.0,0.0005,67.0,0.0071,15.0,1.65,346.0
2023,Italian Grand Prix,ZHO,601.0,0.0005,201.0,0.002,16.0,2.096,345.0
2023,Italian Grand Prix,MAG,601.0,0.0005,201.0,0.002,19.0,2.298,340.0
2023,Italian Grand Prix,BOT,601.0,0.0005,201.0,0.002,14.0,1.646,349.0
2023,Italian Grand Prix,TSU,601.0,0.0005,201.0,0.002,11.0,1.3,344.0
2023,Italian Grand Prix,HUL,601.0,0.0005,201.0,0.002,13.0,1.482,340.0
2023,Italian Grand Prix,RIC,601.0,0.0005,251.0,0.0015,,,
2023,Japan Grand Prix,VER,1.28,0.7495,1.1,0.8903,1.0,0.0,304.0
2023,Japan Grand Prix,PER,12.0,0.0549,1.6,0.5639,5.0,0.773,305.0
2023,Japan Grand Prix,NOR,15.0,0.0423,2.35,0.353,3.0,0.616,301.0
2023,Japan Grand Prix,SAI,21.0,0.0286,3.75,0.1997,6.0,0.973,302.0
2023,Japan Grand Prix,RUS,21.0,0.0286,3.5,0.2172,8.0,1.342,300.0
2023,Japan Grand Prix,LEC,21.0,0.0286,3.75,0.1997,4.0,0.665,302.0
2023,Japan Grand Prix,HAM,21.0,0.0286,2.75,0.2914,7.0,1.031,301.0
2023,Japan Grand Prix,PIA,29.0,0.0196,4.5,0.1599,2.0,0.581,304.0
2023,Japan Grand Prix,ALO,51.0,0.0101,7.0,0.0933,10.0,1.683,301.0
2023,Japan Grand Prix,STR,251.0,0.0016,67.0,0.0059,17.0,2.304,300.0
2023,Japan Grand Prix,OCO,251.0,0.0016,67.0,0.0059,14.0,1.709,308.0
2023,Japan Grand Prix,GAS,251.0,0.0016,67.0,0.0059,12.0,1.6320000000000001,306.0
2023,Japan Grand Prix,SAR,601.0,0.0006,201.0,0.0016,20.0,,
2023,Japan Grand Prix,ZHO,601.0,0.0006,251.0,0.0012,19.0,2.521,299.0
2023,Japan Grand Prix,ALB,601.0,0.0006,101.0,0.0036,13.0,1.6600000000000001,308.0
2023,Japan Grand Prix,MAG,601.0,0.0006,251.0,0.0012,15.0,1.788,303.0
2023,Japan Grand Prix,BOT,601.0,0.0006,201.0,0.0016,16.0,2.172,300.0
2023,Japan Grand Prix,TSU,601.0,0.0006,151.0,0.0022,9.0,1.426,302.0
2023,Japan Grand Prix,HUL,601.0,0.0006,251.0,0.0012,18.0,2.422,304.0
2023,Japan Grand Prix,RIC,601.0,0.0006,251.0,0.0012,,,
2023,Las Vegas Grand Prix,VER,1.25,0.7678,1.15,0.8457,3.0,0.378,346.0
2023,Las Vegas Grand Prix,NOR,11.0,0.0585,1.5,0.6149,16.0,1.9769999999999999,336.0
2023,Las Vegas Grand Prix,HAM,15.0,0.0405,2.6,0.3179,11.0,1.111,344.0
2023,Las Vegas Grand Prix,PER,17.0,0.0349,2.6,0.3179,12.0,1.129,345.0
2023,Las Vegas Grand Prix,LEC,21.0,0.0272,2.6,0.3179,1.0,0.0,341.0
2023,Las Vegas Grand Prix,SAI,21.0,0.0272,2.6,0.3179,2.0,0.044,342.0
2023,Las Vegas Grand Prix,PIA,41.0,0.0123,7.0,0.0969,19.0,2.124,340.0
2023,Las Vegas Grand Prix,RUS,41.0,0.0123,7.0,0.0969,4.0,0.386,344.0
2023,Las Vegas Grand Prix,ALO,41.0,0.0123,12.0,0.0508,10.0,0.829,339.0
2023,Las Vegas Grand Prix,OCO,301.0,0.0012,151.0,0.0024,17.0,2.108,338.0
2023,Las Vegas Grand Prix,GAS,301.0,0.0012,151.0,0.0024,5.0,0.513,343.0
2023,Las Vegas Grand Prix,STR,601.0,0.0005,151.0,0.0024,14.0,1.4729999999999999,339.0
2023,Las Vegas Grand Prix,ZHO,601.0,0.0005,251.0,0.0013,18.0,2.123,324.0
2023,Las Vegas Grand Prix,SAR,601.0,0.0005,251.0,0.0013,7.0,0.787,347.0
2023,Las Vegas Grand Prix,ALB,601.0,0.0005,67.0,0.0065,6.0,0.597,342.0
2023,Las Vegas Grand Prix,MAG,601.0,0.0005,251.0,0.0013,9.0,0.811,339.0
2023,Las Vegas Grand Prix,BOT,601.0,0.0005,251.0,0.0013,8.0,0.799,347.0
2023,Las Vegas Grand Prix,TSU,601.0,0.0005,251.0,0.0013,20.0,3.721,333.0
2023,Las Vegas Grand Prix,HUL,601.0,0.0005,251.0,0.0013,13.0,1.2530000000000001,341.0
2023,Las Vegas Grand Prix,RIC,601.0,0.0005,251.0,0.0013,15.0,1.5819999999999999,342.0
2023,Mexican Grand Prix,VER,1.2,0.8038,1.1,0.8926,3.0,0.097,349.0
2023,Mexican Grand Prix,NOR,15.0,0.039,1.6,0.571,19.0,4.388,344.0
2023,Mexican Grand Prix,PER,15.0,0.039,1.75,0.5131,5.0,0.257,351.0
2023,Mexican Grand Prix,PIA,19.0,0.0294,2.5,0.3353,7.0,0.457,346.0
2023,Mexican Grand Prix,RUS,26.0,0.0202,6.0,0.1181,8.0,0.508,342.0
2023,Mexican Grand Prix,LEC,26.0,0.0202,5.5,0.131,1.0,0.0,348.0
2023,Mexican Grand Prix,HAM,26.0,0.0202,3.8,0.2035,6.0,0.288,345.0
2023,Mexican Grand Prix,SAI,29.0,0.0177,5.5,0.131,2.0,0.067,347.0
2023,Mexican Grand Prix,ALO,81.0,0.0052,10.0,0.0642,13.0,1.572,342.0
2023,Mexican Grand Prix,STR,601.0,0.0005,67.0,0.0066,18.0,2.061,347.0
2023,Mexican Grand Prix,OCO,601.0,0.0005,67.0,0.0066,16.0,1.9140000000000001,340.0
2023,Mexican Grand Prix,ALB,601.0,0.0005,67.0,0.0066,14.0,1.9809999999999999,344.0
2023,Mexican Grand Prix,GAS,601.0,0.0005,67.0,0.0066,11.0,1.355,341.0
2023,Mexican Grand Prix,TSU,601.0,0.0005,151.0,0.0025,15.0,1.724,340.0
2023,Mexican Grand Prix,ZHO,601.0,0.0005,151.0,0.0025,10.0,0.884,341.0
2023,Mexican Grand Prix,MAG,601.0,0.0005,151.0,0.0025,17.0,1.9969999999999999,352.0
2023,Mexican Grand Prix,BOT,601.0,0.0005,151.0,0.0025,9.0,0.866,347.0
2023,Mexican Grand Prix,SAR,601.0,0.0005,301.0,0.0011,20.0,,348.0
2023,Mexican Grand Prix,HUL,601.0,0.0005,301.0,0.0011,12.0,1.358,347.0
2023,Mexican Grand Prix,RIC,601.0,0.0005,251.0,0.0014,4.0,0.216,341.0
2023,Miami Grand Prix,PER,4.0,0.2986,1.32,0.7105,1.0,0.0,340.0
2023,Miami Grand Prix,VER,4.0,0.2986,1.2,0.799,9.0,-0.027000000000000024,341.0
2023,Miami Grand Prix,LEC,15.0,0.0943,2.25,0.3686,7.0,1.02,336.0
2023,Miami Grand Prix,ALO,17.0,0.0846,1.83,0.4753,2.0,0.361,335.0
2023,Miami Grand Prix,HAM,26.0,0.0584,3.0,0.2587,13.0,1.134,337.0
2023,Miami Grand Prix,SAI,34.0,0.0462,5.0,0.1379,3.0,0.508,332.0
2023,Miami Grand Prix,RUS,34.0,0.0462,5.0,0.1379,6.0,0.963,336.0
2023,Miami Grand Prix,STR,151.0,0.0126,9.0,0.0669,18.0,1.635,335.0
2023,Miami Grand Prix,NOR,151.0,0.0126,21.0,0.0236,16.0,1.553,334.0
2023,Miami Grand Prix,OCO,301.0,0.0057,67.0,0.0057,8.0,1.094,333.0
2023,Miami Grand Prix,GAS,301.0,0.0057,67.0,0.0057,5.0,0.945,333.0
2023,Miami Grand Prix,SAR,601.0,0.0011,251.0,0.0011,20.0,1.736,338.0
2023,Miami Grand Prix,ZHO,601.0,0.0011,251.0,0.0011,14.0,1.25,328.0
2023,Miami Grand Prix,ALB,601.0,0.0015,201.0,0.0015,11.0,0.954,338.0
2023,Miami Grand Prix,MAG,601.0,0.0011,251.0,0.0011,4.0,0.926,332.0
2023,Miami Grand Prix,HUL,601.0,0.0011,251.0,0.0011,12.0,1.062,337.0
2023,Miami Grand Prix,DEV,601.0,0.0011,251.0,0.0011,15.0,1.554,332.0
2023,Miami Grand Prix,BOT,601.0,0.0011,251.0,0.0011,10.0,0.723,333.0
2023,Miami Grand Prix,TSU,601.0,0.0011,251.0,0.0011,17.0,1.588,334.0
2023,Miami Grand Prix,PIA,601.0,0.0011,251.0,0.0011,19.0,1.643,337.0
2023,Monaco Grand Prix,VER,2.2,0.4128,1.3,0.7262,1.0,0.0,281.0
2023,Monaco Grand Prix,PER,4.0,0.211,1.5,0.61,20.0,2.485,281.0
2023,Monaco Grand Prix,LEC,5.0,0.1643,1.55,0.5861,3.0,0.106,281.0
2023,Monaco Grand Prix,ALO,6.0,0.1339,2.0,0.4295,2.0,0.084,280.0
2023,Monaco Grand Prix,SAI,34.0,0.0191,3.75,0.1996,5.0,0.265,281.0
2023,Monaco Grand Prix,RUS,34.0,0.0191,4.5,0.1598,8.0,0.599,279.0
2023,Monaco Grand Prix,HAM,34.0,0.0191,4.5,0.1598,6.0,0.36,280.0
2023,Monaco Grand Prix,STR,67.0,0.0089,9.0,0.0686,14.0,1.258,279.0
2023,Monaco Grand Prix,NOR,301.0,0.0017,34.0,0.0136,10.0,0.889,279.0
2023,Monaco Grand Prix,OCO,301.0,0.0017,34.0,0.0136,4.0,0.188,278.0
2023,Monaco Grand Prix,GAS,301.0,0.0017,34.0,0.0136,7.0,0.568,280.0
2023,Monaco Grand Prix,SAR,601.0,0.0008,251.0,0.0012,16.0,1.748,283.0
2023,Monaco Grand Prix,ZHO,601.0,0.0008,201.0,0.0016,19.0,2.158,280.0
2023,Monaco Grand Prix,ALB,601.0,0.0008,251.0,0.0012,13.0,1.162,283.0
2023,Monaco Grand Prix,MAG,601.0,0.0008,101.0,0.0036,17.0,1.905,280.0
2023,Monaco Grand Prix,HUL,601.0,0.0008,101.0,0.0036,18.0,1.9140000000000001,282.0
2023,Monaco Grand Prix,DEV,601.0,0.0008,251.0,0.0012,12.0,1.063,280.0
2023,Monaco Grand Prix,BOT,601.0,0.0008,101.0,0.0036,15.0,1.26,278.0
2023,Monaco Grand Prix,TSU,601.0,0.0008,151.0,0.0022,9.0,0.717,279.0
2023,Monaco Grand Prix,PIA,601.0,0.0008,201.0,0.0016,11.0,1.03,282.0
2023,Qatar Grand Prix,VER,1.2,0.8038,1.1,0.8926,1.0,0.0,320.0
2023,Qatar Grand Prix,NOR,15.0,0.039,1.6,0.571,10.0,0.907,318.0
2023,Qatar Grand Prix,PER,15.0,0.039,1.75,0.5131,13.0,1.6840000000000002,322.0
2023,Qatar Grand Prix,PIA,19.0,0.0294,2.5,0.3353,6.0,0.762,316.0
2023,Qatar Grand Prix,RUS,26.0,0.0202,6.0,0.1181,2.0,0.441,313.0
2023,Qatar Grand Prix,LEC,26.0,0.0202,5.5,0.131,5.0,0.646,317.0
2023,Qatar Grand Prix,HAM,26.0,0.0202,3.8,0.2035,3.0,0.527,316.0
2023,Qatar Grand Prix,SAI,29.0,0.0177,5.5,0.131,12.0,1.55,318.0
2023,Qatar Grand Prix,ALO,81.0,0.0052,10.0,0.0642,4.0,0.591,321.0
2023,Qatar Grand Prix,STR,601.0,0.0005,67.0,0.0066,17.0,2.567,322.0
2023,Qatar Grand Prix,OCO,601.0,0.0005,67.0,0.0066,8.0,0.985,315.0
2023,Qatar Grand Prix,ALB,601.0,0.0005,67.0,0.0066,14.0,1.929,320.0
2023,Qatar Grand Prix,GAS,601.0,0.0005,67.0,0.0066,7.0,0.775,316.0
2023,Qatar Grand Prix,TSU,601.0,0.0005,151.0,0.0025,11.0,1.5230000000000001,311.0
2023,Qatar Grand Prix,ZHO,601.0,0.0005,151.0,0.0025,20.0,3.654,308.0
2023,Qatar Grand Prix,MAG,601.0,0.0005,151.0,0.0025,19.0,3.268,315.0
2023,Qatar Grand Prix,BOT,601.0,0.0005,151.0,0.0025,9.0,1.28,309.0
2023,Qatar Grand Prix,SAR,601.0,0.0005,301.0,0.0011,16.0,2.432,318.0
2023,Qatar Grand Prix,HUL,601.0,0.0005,301.0,0.0011,15.0,2.005,317.0
2023,Qatar Grand Prix,RIC,601.0,0.0005,251.0,0.0014,,,
2023,Saudi Grand Prix,VER,1.45,0.6512,1.2,0.8031,15.0,21.688,337.0
2023,Saudi Grand Prix,PER,6.5,0.1152,1.45,0.6397,1.0,0.0,337.0
2023,Saudi Grand Prix,ALO,9.0,0.0792,1.82,0.4867,3.0,0.465,325.0
2023,Saudi Grand Prix,LEC,12.0,0.0568,2.0,0.4345,2.0,0.155,331.0
2023,Saudi Grand Prix,SAI,15.0,0.0439,4.0,0.1888,5.0,0.666,329.0
2023,Saudi Grand Prix,HAM,26.0,0.0233,4.5,0.1639,8.0,0.958,326.0
2023,Saudi Grand Prix,RUS,34.0,0.0171,5.0,0.1444,4.0,0.592,328.0
2023,Saudi Grand Prix,STR,67.0,0.0078,7.5,0.0887,6.0,0.68,317.0
2023,Saudi Grand Prix,BOT,601.0,0.0006,51.0,0.0088,14.0,1.403,328.0
2023,Saudi Grand Prix,ZHO,601.0,0.0006,67.0,0.0064,12.0,1.196,330.0
2023,Saudi Grand Prix,OCO,601.0,0.0006,51.0,0.0088,7.0,0.813,326.0
2023,Saudi Grand Prix,GAS,601.0,0.0006,51.0,0.0088,10.0,1.092,325.0
2023,Saudi Grand Prix,SAR,901.0,0.0004,251.0,0.0013,20.0,40.245,297.0
2023,Saudi Grand Prix,ALB,901.0,0.0004,201.0,0.0017,17.0,1.729,331.0
2023,Saudi Grand Prix,MAG,901.0,0.0004,101.0,0.0039,13.0,1.369,330.0
2023,Saudi Grand Prix,HUL,901.0,0.0004,101.0,0.0039,11.0,1.186,334.0
2023,Saudi Grand Prix,DEV,901.0,0.0004,501.0,0.0006,18.0,1.979,316.0
2023,Saudi Grand Prix,TSU,901.0,0.0004,501.0,0.0006,16.0,1.674,326.0
2023,Saudi Grand Prix,NOR,901.0,0.0004,101.0,0.0039,19.0,2.182,315.0
2023,Saudi Grand Prix,PIA,901.0,0.0004,201.0,0.0017,9.0,0.978,316.0
2023,Singapore Grand Prix,VER,1.25,0.7694,1.1,0.8907,11.0,1.189,302.0
2023,Singapore Grand Prix,PER,10.0,0.0669,1.5,0.611,13.0,1.326,299.0
2023,Singapore Grand Prix,NOR,19.0,0.0315,3.2,0.2434,4.0,0.286,301.0
2023,Singapore Grand Prix,HAM,19.0,0.0315,2.6,0.3132,5.0,0.501,300.0
2023,Singapore Grand Prix,RUS,26.0,0.0218,4.0,0.1856,2.0,0.072,300.0
2023,Singapore Grand Prix,ALO,26.0,0.0218,3.2,0.2434,7.0,0.631,301.0
2023,Singapore Grand Prix,PIA,34.0,0.0159,5.0,0.1415,17.0,1.9180000000000001,299.0
2023,Singapore Grand Prix,LEC,34.0,0.0159,4.0,0.1856,3.0,0.079,303.0
2023,Singapore Grand Prix,SAI,34.0,0.0159,5.0,0.1415,1.0,0.0,303.0
2023,Singapore Grand Prix,STR,151.0,0.0028,34.0,0.0138,20.0,2.413,303.0
2023,Singapore Grand Prix,OCO,301.0,0.0012,67.0,0.006,8.0,0.689,300.0
2023,Singapore Grand Prix,GAS,301.0,0.0012,67.0,0.006,12.0,1.29,299.0
2023,Singapore Grand Prix,SAR,601.0,0.0005,151.0,0.0023,18.0,2.268,300.0
2023,Singapore Grand Prix,ZHO,601.0,0.0005,151.0,0.0023,19.0,2.274,299.0
2023,Singapore Grand Prix,ALB,601.0,0.0005,67.0,0.006,14.0,2.735,302.0
2023,Singapore Grand Prix,MAG,601.0,0.0005,301.0,0.001,6.0,0.591,302.0
2023,Singapore Grand Prix,BOT,601.0,0.0005,151.0,0.0023,16.0,1.825,296.0
2023,Singapore Grand Prix,TSU,601.0,0.0005,151.0,0.0023,15.0,1.007,295.0
2023,Singapore Grand Prix,HUL,601.0,0.0005,301.0,0.001,9.0,0.824,302.0
2023,Singapore Grand Prix,RIC,601.0,0.0005,251.0,0.0012,,,
2023,United States Grand Prix,VER,1.2,0.8035,1.1,0.8881,6.0,0.358,323.0
2023,United States Grand Prix,NOR,15.0,0.0388,1.6,0.5571,2.0,0.13,323.0
2023,United States Grand Prix,PIA,15.0,0.0388,1.8,0.4812,10.0,0.744,322.0
2023,United States Grand Prix,PER,19.0,0.0292,2.5,0.3197,9.0,0.45,323.0
2023,United States Grand Prix,RUS,26.0,0.02,3.5,0.2103,5.0,0.356,317.0
2023,United States Grand Prix,LEC,26.0,0.02,6.0,0.1075,1.0,0.0,325.0
2023,United States Grand Prix,HAM,26.0,0.02,3.0,0.2548,3.0,0.139,318.0
2023,United States Grand Prix,SAI,29.0,0.0176,6.0,0.1075,4.0,0.222,325.0
2023,United States Grand Prix,ALO,67.0,0.0064,11.0,0.0506,17.0,1.545,323.0
2023,United States Grand Prix,OCO,301.0,0.0011,51.0,0.0075,8.0,0.431,323.0
2023,United States Grand Prix,GAS,301.0,0.0011,51.0,0.0075,7.0,0.366,321.0
2023,United States Grand Prix,STR,601.0,0.0005,151.0,0.0019,19.0,1.866,321.0
2023,United States Grand Prix,ALB,601.0,0.0005,151.0,0.0019,18.0,1.592,324.0
2023,United States Grand Prix,RIC,601.0,0.0005,301.0,0.0008,15.0,1.251,316.0
2023,United States Grand Prix,BOT,601.0,0.0005,301.0,0.0008,13.0,1.135,322.0
2023,United States Grand Prix,TSU,601.0,0.0005,301.0,0.0008,11.0,0.974,319.0
2023,United States Grand Prix,SAR,901.0,0.0003,601.0,0.0003,20.0,2.104,324.0
2023,United States Grand Prix,ZHO,901.0,0.0003,301.0,0.0008,12.0,0.975,322.0
2023,United States Grand Prix,MAG,901.0,0.0003,601.0,0.0003,14.0,1.157,329.0
2023,United States Grand Prix,HUL,901.0,0.0003,601.0,0.0003,16.0,1.512,326.0
2024,Abu Dhabi Grand Prix,NOR,3.3,0.2674,1.35,0.6942,1.0,0.0,323.0
2024,Abu Dhabi Grand Prix,VER,3.3,0.2674,1.45,0.6364,5.0,0.35,328.0
2024,Abu Dhabi Grand Prix,LEC,6.5,0.1264,1.65,0.5438,14.0,1.238,325.0
2024,Abu Dhabi Grand Prix,PIA,9.0,0.0883,3.75,0.2003,2.0,0.209,324.0
2024,Abu Dhabi Grand Prix,RUS,9.0,0.0883,1.85,0.4732,7.0,0.537,324.0
2024,Abu Dhabi Grand Prix,HAM,10.0,0.0786,3.75,0.2003,18.0,1.292,326.0
2024,Abu Dhabi Grand Prix,SAI,11.0,0.0707,3.75,0.2003,3.0,0.229,326.0
2024,Abu Dhabi Grand Prix,PER,301.0,0.0018,26.0,0.019,10.0,0.669,330.0
2024,Abu Dhabi Grand Prix,LAW,301.0,0.0018,126.0,0.0028,12.0,0.877,328.0
2024,Abu Dhabi Grand Prix,HUL,601.0,0.0009,67.0,0.006,4.0,0.291,328.0
2024,Abu Dhabi Grand Prix,GAS,601.0,0.0009,67.0,0.006,6.0,0.389,325.0
2024,Abu Dhabi Grand Prix,MAG,601.0,0.0009,101.0,0.0036,15.0,1.282,327.0
2024,Abu Dhabi Grand Prix,ALO,601.0,0.0009,101.0,0.0036,8.0,0.601,328.0
2024,Abu Dhabi Grand Prix,TSU,601.0,0.0009,151.0,0.0022,11.0,0.824,327.0
2024,Abu Dhabi Grand Prix,ALB,601.0,0.0009,151.0,0.0022,16.0,1.226,325.0
2024,Abu Dhabi Grand Prix,STR,601.0,0.0009,251.0,0.0012,13.0,1.189,329.0
2024,Abu Dhabi Grand Prix,ZHO,601.0,0.0009,251.0,0.0012,17.0,1.285,327.0
2024,Abu Dhabi Grand Prix,COL,601.0,0.0009,251.0,0.0012,19.0,1.317,327.0
2024,Abu Dhabi Grand Prix,BOT,601.0,0.0009,251.0,0.0012,9.0,0.609,330.0
2024,Abu Dhabi Grand Prix,DOO,601.0,0.0009,301.0,0.001,20.0,1.51,326.0
2024,Australian Grand Prix,VER,1.18,0.8173,1.1,0.8881,1.0,0.0,326.0
2024,Australian Grand Prix,PER,8.0,0.0793,1.3,0.7214,3.0,0.359,327.0
2024,Australian Grand Prix,LEC,15.0,0.0369,1.8,0.4811,5.0,0.52,321.0
2024,Australian Grand Prix,SAI,34.0,0.0136,3.0,0.2547,2.0,0.27,323.0
2024,Australian Grand Prix,HAM,34.0,0.0136,4.0,0.178,11.0,1.045,319.0
2024,Australian Grand Prix,RUS,41.0,0.0108,4.5,0.1537,7.0,0.809,320.0
2024,Australian Grand Prix,ALO,41.0,0.0108,6.0,0.1075,10.0,1.637,322.0
2024,Australian Grand Prix,NOR,67.0,0.006,6.0,0.1075,4.0,0.4,320.0
2024,Australian Grand Prix,PIA,67.0,0.006,8.0,0.0751,6.0,0.657,321.0
2024,Australian Grand Prix,STR,201.0,0.0016,51.0,0.0075,9.0,1.157,323.0
2024,Australian Grand Prix,ALB,601.0,0.0004,101.0,0.0032,12.0,1.252,323.0
2024,Australian Grand Prix,GAS,601.0,0.0004,101.0,0.0032,17.0,2.067,322.0
2024,Australian Grand Prix,RIC,601.0,0.0004,101.0,0.0032,18.0,2.17,320.0
2024,Australian Grand Prix,MAG,601.0,0.0004,101.0,0.0032,14.0,1.512,325.0
2024,Australian Grand Prix,HUL,601.0,0.0004,101.0,0.0032,16.0,2.061,324.0
2024,Australian Grand Prix,TSU,601.0,0.0004,101.0,0.0032,8.0,0.873,322.0
2024,Australian Grand Prix,OCO,601.0,0.0004,101.0,0.0032,15.0,1.782,323.0
2024,Australian Grand Prix,SAR,601.0,0.0004,251.0,0.001,,,
2024,Australian Grand Prix,ZHO,601.0,0.0004,251.0,0.001,19.0,2.273,322.0
2024,Australian Grand Prix,BOT,601.0,0.0004,251.0,0.001,13.0,1.425,319.0
2024,Austria Grand Prix,VER,1.55,0.5987,1.14,0.8529,1.0,0.0,319.0
2024,Austria Grand Prix,NOR,4.0,0.1973,1.3,0.7272,2.0,0.404,316.0
2024,Austria Grand Prix,LEC,15.0,0.042,2.1,0.4062,6.0,0.73,317.0
2024,Austria Grand Prix,RUS,19.0,0.0318,3.4,0.2262,3.0,0.526,318.0
2024,Austria Grand Prix,HAM,19.0,0.0318,3.4,0.2262,5.0,0.589,317.0
2024,Austria Grand Prix,PER,26.0,0.0221,4.3,0.1701,8.0,0.888,318.0
2024,Austria Grand Prix,SAI,26.0,0.0221,4.0,0.1857,4.0,0.537,317.0
2024,Austria Grand Prix,PIA,29.0,0.0194,4.0,0.1857,7.0,0.734,315.0
2024,Austria Grand Prix,OCO,67.0,0.0073,,,10.0,1.569,317.0
2024,Austria Grand Prix,GAS,67.0,0.0073,,,13.0,1.045,312.0
2024,Austria Grand Prix,STR,101.0,0.0045,,,17.0,1.505,318.0
2024,Austria Grand Prix,ALO,201.0,0.002,41.0,0.011,15.0,1.325,315.0
2024,Austria Grand Prix,HUL,201.0,0.002,101.0,0.0037,9.0,1.071,318.0
2024,Austria Grand Prix,RIC,201.0,0.002,126.0,0.0028,11.0,0.975,319.0
2024,Austria Grand Prix,TSU,201.0,0.002,151.0,0.0023,14.0,1.098,316.0
2024,Austria Grand Prix,MAG,251.0,0.0016,,,12.0,1.033,318.0
2024,Austria Grand Prix,ALB,251.0,0.0016,,,16.0,1.422,318.0
2024,Austria Grand Prix,SAR,251.0,0.0016,,,19.0,1.542,318.0
2024,Austria Grand Prix,ZHO,251.0,0.0016,,,20.0,1.7469999999999999,318.0
2024,Austria Grand Prix,BOT,251.0,0.0016,,,18.0,1.533,317.0
2024,Azerbaijan Grand Prix,NOR,2.2,0.4169,1.2,0.8036,16.0,2.2439999999999998,319.0
2024,Azerbaijan Grand Prix,PIA,6.0,0.137,1.8,0.4942,2.0,0.321,319.0
2024,Azerbaijan Grand Prix,LEC,6.0,0.137,1.6,0.5692,1.0,0.0,317.0
2024,Azerbaijan Grand Prix,VER,7.5,0.1069,2.0,0.4356,6.0,0.658,318.0
2024,Azerbaijan Grand Prix,SAI,11.0,0.0699,3.2,0.2479,3.0,0.44,316.0
2024,Azerbaijan Grand Prix,HAM,15.0,0.0495,4.5,0.1647,7.0,0.924,323.0
2024,Azerbaijan Grand Prix,RUS,17.0,0.0431,5.0,0.1452,5.0,0.509,322.0
2024,Azerbaijan Grand Prix,PER,26.0,0.0269,8.0,0.0826,4.0,0.448,316.0
2024,Azerbaijan Grand Prix,STR,301.0,0.0018,51.0,0.009,14.0,2.039,320.0
2024,Azerbaijan Grand Prix,ALB,301.0,0.0018,51.0,0.009,10.0,1.494,319.0
2024,Azerbaijan Grand Prix,ALO,301.0,0.0018,34.0,0.0146,8.0,1.004,322.0
2024,Azerbaijan Grand Prix,ZHO,601.0,0.0008,301.0,0.0011,18.0,2.8810000000000002,318.0
2024,Azerbaijan Grand Prix,GAS,601.0,0.0008,151.0,0.0024,15.0,1.814,319.0
2024,Azerbaijan Grand Prix,RIC,601.0,0.0008,151.0,0.0024,15.0,2.182,319.0
2024,Azerbaijan Grand Prix,BEA,601.0,0.0008,151.0,0.0024,11.0,1.603,318.0
2024,Azerbaijan Grand Prix,COL,601.0,0.0008,301.0,0.0011,9.0,1.165,320.0
2024,Azerbaijan Grand Prix,HUL,601.0,0.0008,51.0,0.009,13.0,1.826,322.0
2024,Azerbaijan Grand Prix,BOT,601.0,0.0008,301.0,0.0011,17.0,2.253,320.0
2024,Azerbaijan Grand Prix,TSU,601.0,0.0008,151.0,0.0024,12.0,1.67,318.0
2024,Azerbaijan Grand Prix,OCO,601.0,0.0008,151.0,0.0024,19.0,3.1390000000000002,319.0
2024,Bahrain Grand Prix,VER,1.35,0.7078,1.16,0.8395,1.0,0.0,320.0
2024,Bahrain Grand Prix,LEC,10.0,0.0705,1.9,0.4693,2.0,0.228,317.0
2024,Bahrain Grand Prix,PER,13.0,0.0521,1.9,0.4693,5.0,0.358,320.0
2024,Bahrain Grand Prix,SAI,21.0,0.03,3.0,0.2739,4.0,0.328,320.0
2024,Bahrain Grand Prix,RUS,21.0,0.03,3.0,0.2739,3.0,0.306,311.0
2024,Bahrain Grand Prix,HAM,21.0,0.03,3.0,0.2739,9.0,0.531,315.0
2024,Bahrain Grand Prix,NOR,21.0,0.03,3.75,0.2106,7.0,0.435,312.0
2024,Bahrain Grand Prix,ALO,29.0,0.0207,8.0,0.0862,6.0,0.363,314.0
2024,Bahrain Grand Prix,PIA,34.0,0.0172,13.0,0.0486,8.0,0.504,312.0
2024,Bahrain Grand Prix,STR,301.0,0.0014,41.0,0.0126,12.0,1.021,318.0
2024,Bahrain Grand Prix,ALB,301.0,0.0014,101.0,0.0043,13.0,1.042,321.0
2024,Bahrain Grand Prix,GAS,301.0,0.0014,101.0,0.0043,20.0,1.7690000000000001,316.0
2024,Bahrain Grand Prix,RIC,301.0,0.0014,51.0,0.0097,14.0,1.099,316.0
2024,Bahrain Grand Prix,TSU,301.0,0.0014,51.0,0.0097,11.0,0.95,316.0
2024,Bahrain Grand Prix,OCO,301.0,0.0014,101.0,0.0043,19.0,1.6139999999999999,315.0
2024,Bahrain Grand Prix,SAR,601.0,0.0006,201.0,0.0019,18.0,1.591,318.0
2024,Bahrain Grand Prix,ZHO,601.0,0.0006,201.0,0.0019,17.0,1.5779999999999998,312.0
2024,Bahrain Grand Prix,MAG,601.0,0.0006,201.0,0.0019,15.0,1.35,319.0
2024,Bahrain Grand Prix,BOT,601.0,0.0006,201.0,0.0019,16.0,1.577,318.0
2024,Bahrain Grand Prix,HUL,601.0,0.0006,201.0,0.0019,10.0,1.323,317.0
2024,Barcelona Grand Prix,VER,1.5,0.6303,1.15,0.843,2.0,0.02,328.0
2024,Barcelona Grand Prix,NOR,6.0,0.1301,1.5,0.6093,1.0,0.0,323.0
2024,Barcelona Grand Prix,LEC,9.0,0.082,1.6,0.5631,5.0,0.348,327.0
2024,Barcelona Grand Prix,PER,17.0,0.0397,3.5,0.2163,8.0,0.678,324.0
2024,Barcelona Grand Prix,SAI,26.0,0.0245,3.25,0.2368,6.0,0.353,324.0
2024,Barcelona Grand Prix,RUS,26.0,0.0245,4.5,0.1591,4.0,0.32,328.0
2024,Barcelona Grand Prix,PIA,26.0,0.0245,4.35,0.1659,10.0,0.628,322.0
2024,Barcelona Grand Prix,HAM,26.0,0.0245,4.5,0.1591,3.0,0.318,327.0
2024,Barcelona Grand Prix,ALO,151.0,0.0033,26.0,0.0187,11.0,0.745,325.0
2024,Barcelona Grand Prix,STR,301.0,0.0015,67.0,0.0059,14.0,0.989,323.0
2024,Barcelona Grand Prix,TSU,301.0,0.0015,101.0,0.0036,17.0,1.6019999999999999,326.0
2024,Barcelona Grand Prix,RIC,301.0,0.0015,101.0,0.0036,18.0,1.692,324.0
2024,Barcelona Grand Prix,ALB,301.0,0.0015,101.0,0.0036,19.0,1.77,321.0
2024,Barcelona Grand Prix,HUL,301.0,0.0015,151.0,0.0022,13.0,0.927,327.0
2024,Barcelona Grand Prix,MAG,301.0,0.0015,151.0,0.0022,16.0,1.554,325.0
2024,Barcelona Grand Prix,OCO,301.0,0.0015,151.0,0.0022,9.0,0.742,322.0
2024,Barcelona Grand Prix,GAS,301.0,0.0015,151.0,0.0022,7.0,0.474,324.0
2024,Barcelona Grand Prix,SAR,301.0,0.0012,251.0,0.0012,20.0,2.126,325.0
2024,Barcelona Grand Prix,ZHO,301.0,0.0012,251.0,0.0012,15.0,1.355,326.0
2024,Barcelona Grand Prix,BOT,301.0,0.0012,251.0,0.0012,12.0,0.844,324.0
2024,Belgian Grand Prix,NOR,2.2,0.4065,1.25,0.7586,5.0,0.822,308.0
2024,Belgian Grand Prix,VER,3.0,0.2853,1.5,0.6052,1.0,0.0,307.0
2024,Belgian Grand Prix,PIA,6.0,0.1293,1.4,0.6592,6.0,0.868,309.0
2024,Belgian Grand Prix,RUS,15.0,0.0454,2.1,0.399,7.0,1.025,306.0
2024,Belgian Grand Prix,HAM,15.0,0.0454,2.65,0.2991,4.0,0.676,306.0
2024,Belgian Grand Prix,LEC,26.0,0.0242,5.5,0.1211,2.0,0.595,307.0
2024,Belgian Grand Prix,PER,41.0,0.0144,8.0,0.0761,3.0,0.606,306.0
2024,Belgian Grand Prix,SAI,41.0,0.0144,8.0,0.0761,8.0,1.318,306.0
2024,Belgian Grand Prix,HUL,67.0,0.0082,,,16.0,3.149,307.0
2024,Belgian Grand Prix,STR,101.0,0.0051,,,15.0,2.557,302.0
2024,Belgian Grand Prix,MAG,151.0,0.0033,,,17.0,3.341,307.0
2024,Belgian Grand Prix,ALB,151.0,0.0033,,,11.0,1.314,307.0
2024,Belgian Grand Prix,TSU,201.0,0.0023,,,18.0,3.434,297.0
2024,Belgian Grand Prix,RIC,201.0,0.0023,,,13.0,1.5230000000000001,305.0
2024,Belgian Grand Prix,SAR,251.0,0.0018,,,19.0,4.071,299.0
2024,Belgian Grand Prix,ZHO,251.0,0.0018,,,20.0,4.616,301.0
2024,Belgian Grand Prix,GAS,251.0,0.0018,,,12.0,1.476,307.0
2024,Belgian Grand Prix,BOT,251.0,0.0018,,,14.0,1.605,297.0
2024,Belgian Grand Prix,OCO,251.0,0.0018,,,10.0,1.651,311.0
2024,Belgian Grand Prix,ALO,301.0,0.0015,67.0,0.0055,9.0,1.6059999999999999,306.0
2024,British Grand Prix,VER,1.48,0.6256,1.1,0.8866,4.0,0.384,322.0
2024,British Grand Prix,NOR,3.5,0.2234,1.2,0.7943,3.0,0.211,317.0
2024,British Grand Prix,PIA,15.0,0.0392,2.15,0.3802,5.0,0.418,321.0
2024,British Grand Prix,RUS,17.0,0.0337,2.6,0.2991,1.0,0.0,323.0
2024,British Grand Prix,HAM,19.0,0.0295,2.7,0.2852,2.0,0.171,322.0
2024,British Grand Prix,LEC,26.0,0.0203,4.5,0.1496,11.0,1.278,321.0
2024,British Grand Prix,SAI,34.0,0.0147,6.0,0.104,7.0,0.69,321.0
2024,British Grand Prix,PER,67.0,0.0065,7.0,0.0856,19.0,12.529,297.0
2024,British Grand Prix,MAG,301.0,0.0011,126.0,0.0022,17.0,7.086,293.0
2024,British Grand Prix,HUL,301.0,0.0011,67.0,0.0049,6.0,0.519,324.0
2024,British Grand Prix,STR,601.0,0.0005,201.0,0.0012,8.0,0.766,324.0
2024,British Grand Prix,ALO,601.0,0.0005,201.0,0.0012,10.0,1.098,323.0
2024,British Grand Prix,SAR,601.0,0.0005,301.0,0.0007,12.0,1.3559999999999999,322.0
2024,British Grand Prix,ZHO,601.0,0.0005,301.0,0.0007,14.0,2.048,320.0
2024,British Grand Prix,ALB,601.0,0.0005,301.0,0.0007,9.0,0.821,324.0
2024,British Grand Prix,GAS,601.0,0.0005,301.0,0.0007,20.0,13.985,292.0
2024,British Grand Prix,RIC,601.0,0.0005,301.0,0.0007,15.0,2.13,324.0
2024,British Grand Prix,BOT,601.0,0.0005,301.0,0.0007,16.0,6.612,294.0
2024,British Grand Prix,TSU,601.0,0.0005,301.0,0.0007,13.0,1.45,323.0
2024,British Grand Prix,OCO,601.0,0.0005,301.0,0.0007,18.0,8.738,295.0
2024,Dutch Grand Prix,VER,2.7,0.3302,1.25,0.7582,2.0,0.356,329.0
2024,Dutch Grand Prix,NOR,2.85,0.3109,1.28,0.7362,1.0,0.0,329.0
2024,Dutch Grand Prix,PIA,6.0,0.1355,1.61,0.5539,3.0,0.499,332.0
2024,Dutch Grand Prix,HAM,10.0,0.0766,2.2,0.3761,11.0,1.275,334.0
2024,Dutch Grand Prix,RUS,12.0,0.0625,2.25,0.3657,4.0,0.571,334.0
2024,Dutch Grand Prix,LEC,21.0,0.0335,8.0,0.0758,6.0,0.909,329.0
2024,Dutch Grand Prix,SAI,34.0,0.0196,10.0,0.0575,10.0,1.241,330.0
2024,Dutch Grand Prix,PER,41.0,0.0159,15.0,0.0348,5.0,0.743,334.0
2024,Dutch Grand Prix,RIC,101.0,0.0058,21.0,0.0229,15.0,2.27,328.0
2024,Dutch Grand Prix,ALO,401.0,0.0012,67.0,0.0054,7.0,0.96,327.0
2024,Dutch Grand Prix,TSU,501.0,0.001,101.0,0.0033,12.0,1.282,328.0
2024,Dutch Grand Prix,HUL,501.0,0.001,151.0,0.002,13.0,1.542,332.0
2024,Dutch Grand Prix,STR,601.0,0.0008,151.0,0.002,8.0,1.184,332.0
2024,Dutch Grand Prix,ZHO,601.0,0.0008,301.0,0.0008,18.0,3.588,325.0
2024,Dutch Grand Prix,SAR,601.0,0.0008,301.0,0.0008,20.0,,
2024,Dutch Grand Prix,ALB,601.0,0.0008,301.0,0.0008,10.0,0.98,326.0
2024,Dutch Grand Prix,GAS,601.0,0.0008,301.0,0.0008,9.0,1.304,331.0
2024,Dutch Grand Prix,MAG,601.0,0.0008,301.0,0.0008,14.0,1.6219999999999999,331.0
2024,Dutch Grand Prix,BOT,601.0,0.0008,301.0,0.0008,17.0,2.495,327.0
2024,Dutch Grand Prix,OCO,601.0,0.0008,251.0,0.0011,16.0,2.322,330.0
2024,Emilia Romagna Grand Prix,VER,1.18,0.8165,1.1,0.8894,1.0,0.0,296.0
2024,Emilia Romagna Grand Prix,NOR,9.0,0.0678,1.5,0.6074,3.0,0.091,296.0
2024,Emilia Romagna Grand Prix,PER,15.0,0.0363,1.8,0.4854,11.0,0.96,297.0
2024,Emilia Romagna Grand Prix,LEC,15.0,0.0363,1.8,0.4854,4.0,0.224,294.0
2024,Emilia Romagna Grand Prix,SAI,34.0,0.0133,3.4,0.2221,5.0,0.487,294.0
2024,Emilia Romagna Grand Prix,PIA,41.0,0.0106,5.0,0.1382,2.0,0.074,296.0
2024,Emilia Romagna Grand Prix,RUS,67.0,0.0058,11.0,0.0524,6.0,0.488,294.0
2024,Emilia Romagna Grand Prix,HAM,67.0,0.0058,11.0,0.0524,8.0,0.758,294.0
2024,Emilia Romagna Grand Prix,ALO,126.0,0.0027,11.0,0.0524,19.0,2.171,289.0
2024,Emilia Romagna Grand Prix,STR,251.0,0.0011,101.0,0.0034,13.0,1.246,293.0
2024,Emilia Romagna Grand Prix,TSU,601.0,0.0004,151.0,0.0021,7.0,0.719,293.0
2024,Emilia Romagna Grand Prix,RIC,601.0,0.0004,151.0,0.0021,9.0,0.928,293.0
2024,Emilia Romagna Grand Prix,HUL,601.0,0.0004,151.0,0.0021,10.0,1.234,298.0
2024,Emilia Romagna Grand Prix,MAG,601.0,0.0004,301.0,0.0009,18.0,2.108,297.0
2024,Emilia Romagna Grand Prix,OCO,601.0,0.0004,301.0,0.0009,12.0,1.16,292.0
2024,Emilia Romagna Grand Prix,ALB,601.0,0.0004,301.0,0.0009,14.0,1.454,296.0
2024,Emilia Romagna Grand Prix,GAS,601.0,0.0004,301.0,0.0009,15.0,1.635,292.0
2024,Emilia Romagna Grand Prix,SAR,601.0,0.0004,501.0,0.0005,20.0,,298.0
2024,Emilia Romagna Grand Prix,ZHO,601.0,0.0004,501.0,0.0005,17.0,2.088,294.0
2024,Emilia Romagna Grand Prix,BOT,601.0,0.0004,501.0,0.0005,16.0,1.88,295.0
2024,Hungarian Grand Prix,VER,1.65,0.5665,1.33,0.7116,3.0,0.046,305.0
2024,Hungarian Grand Prix,NOR,4.5,0.1815,1.65,0.5502,1.0,0.0,304.0
2024,Hungarian Grand Prix,RUS,12.0,0.0596,1.9,0.465,17.0,2.741,288.0
2024,Hungarian Grand Prix,HAM,12.0,0.0596,1.9,0.465,5.0,0.627,307.0
2024,Hungarian Grand Prix,PIA,13.0,0.0544,2.5,0.3351,2.0,0.022,300.0
2024,Hungarian Grand Prix,LEC,21.0,0.0316,3.75,0.2066,6.0,0.678,307.0
2024,Hungarian Grand Prix,SAI,26.0,0.0248,4.5,0.1662,4.0,0.469,306.0
2024,Hungarian Grand Prix,PER,67.0,0.0085,13.0,0.0469,16.0,2.659,306.0
2024,Hungarian Grand Prix,STR,301.0,0.0015,101.0,0.0041,8.0,1.017,308.0
2024,Hungarian Grand Prix,GAS,301.0,0.0015,67.0,0.0066,20.0,2.939,305.0
2024,Hungarian Grand Prix,RIC,301.0,0.0015,101.0,0.0041,9.0,1.22,302.0
2024,Hungarian Grand Prix,ALO,301.0,0.0015,51.0,0.0092,7.0,0.816,306.0
2024,Hungarian Grand Prix,TSU,301.0,0.0015,101.0,0.0041,10.0,1.25,303.0
2024,Hungarian Grand Prix,OCO,301.0,0.0015,67.0,0.0066,19.0,2.822,308.0
2024,Hungarian Grand Prix,SAR,601.0,0.0007,251.0,0.0014,14.0,1.316,306.0
2024,Hungarian Grand Prix,ZHO,601.0,0.0007,251.0,0.0014,18.0,2.81,289.0
2024,Hungarian Grand Prix,ALB,601.0,0.0007,67.0,0.0066,13.0,1.202,305.0
2024,Hungarian Grand Prix,MAG,601.0,0.0007,251.0,0.0014,15.0,1.321,315.0
2024,Hungarian Grand Prix,BOT,601.0,0.0007,251.0,0.0014,12.0,1.157,309.0
2024,Hungarian Grand Prix,HUL,601.0,0.0007,67.0,0.0066,11.0,1.09,312.0
2024,Italian Grand Prix,NOR,2.2,0.4118,1.23,0.7751,1.0,0.0,346.0
2024,Italian Grand Prix,VER,3.0,0.2905,1.3,0.7241,7.0,0.695,347.0
2024,Italian Grand Prix,PIA,7.0,0.112,2.0,0.4262,2.0,0.109,345.0
2024,Italian Grand Prix,RUS,12.0,0.0611,3.4,0.2219,3.0,0.113,347.0
2024,Italian Grand Prix,HAM,12.0,0.0611,3.5,0.2141,6.0,0.186,348.0
2024,Italian Grand Prix,LEC,21.0,0.0325,2.45,0.332,4.0,0.134,350.0
2024,Italian Grand Prix,PER,67.0,0.0088,15.0,0.0357,8.0,0.735,346.0
2024,Italian Grand Prix,SAI,67.0,0.0088,3.25,0.2345,5.0,0.14,350.0
2024,Italian Grand Prix,STR,301.0,0.0016,101.0,0.0034,17.0,1.686,345.0
2024,Italian Grand Prix,ALB,301.0,0.0016,67.0,0.0057,9.0,0.972,347.0
2024,Italian Grand Prix,MAG,301.0,0.0016,151.0,0.0021,13.0,1.371,350.0
2024,Italian Grand Prix,ALO,301.0,0.0016,41.0,0.0104,11.0,1.094,353.0
2024,Italian Grand Prix,HUL,301.0,0.0016,151.0,0.0021,10.0,1.012,347.0
2024,Italian Grand Prix,ZHO,601.0,0.0007,251.0,0.0011,20.0,2.118,352.0
2024,Italian Grand Prix,GAS,601.0,0.0007,151.0,0.0021,14.0,1.411,346.0
2024,Italian Grand Prix,RIC,601.0,0.0007,151.0,0.0021,12.0,1.152,353.0
2024,Italian Grand Prix,BOT,601.0,0.0007,251.0,0.0011,19.0,1.774,352.0
2024,Italian Grand Prix,TSU,601.0,0.0007,151.0,0.0021,16.0,1.6179999999999999,348.0
2024,Italian Grand Prix,OCO,601.0,0.0007,151.0,0.0021,15.0,1.439,348.0
2024,Italian Grand Prix,COL,601.0,0.0007,151.0,0.0021,18.0,1.734,348.0
2024,Japan Grand Prix,VER,1.2,0.8035,1.1,0.8827,1.0,0.0,295.0
2024,Japan Grand Prix,PER,13.0,0.0461,1.65,0.5191,2.0,0.066,297.0
2024,Japan Grand Prix,LEC,15.0,0.0388,1.9,0.4315,8.0,0.589,295.0
2024,Japan Grand Prix,SAI,15.0,0.0388,1.9,0.4315,4.0,0.485,294.0
2024,Japan Grand Prix,NOR,26.0,0.0201,3.25,0.2137,3.0,0.292,294.0
2024,Japan Grand Prix,PIA,34.0,0.0145,5.0,0.1216,6.0,0.563,294.0
2024,Japan Grand Prix,RUS,41.0,0.0116,8.0,0.0657,9.0,0.811,294.0
2024,Japan Grand Prix,HAM,41.0,0.0116,8.0,0.0657,7.0,0.569,293.0
2024,Japan Grand Prix,ALO,67.0,0.0064,17.0,0.0245,5.0,0.489,295.0
2024,Japan Grand Prix,STR,101.0,0.0039,51.0,0.0058,16.0,1.827,295.0
2024,Japan Grand Prix,TSU,601.0,0.0005,10.0,0.0491,10.0,1.216,298.0
2024,Japan Grand Prix,RIC,601.0,0.0005,12.0,0.0386,11.0,1.275,296.0
2024,Japan Grand Prix,HUL,601.0,0.0005,13.0,0.0348,12.0,1.297,300.0
2024,Japan Grand Prix,ALB,601.0,0.0005,13.0,0.0348,14.0,1.517,299.0
2024,Japan Grand Prix,MAG,601.0,0.0005,17.0,0.0245,18.0,1.9340000000000002,298.0
2024,Japan Grand Prix,OCO,601.0,0.0005,21.0,0.0186,15.0,1.619,295.0
2024,Japan Grand Prix,GAS,601.0,0.0005,26.0,0.014,17.0,1.9220000000000002,294.0
2024,Japan Grand Prix,SAR,601.0,0.0005,29.0,0.0122,19.0,1.942,298.0
2024,Japan Grand Prix,ZHO,601.0,0.0005,51.0,0.0058,20.0,1.946,293.0
2024,Japan Grand Prix,BOT,601.0,0.0005,51.0,0.0058,13.0,1.396,293.0
2024,Las Vegas Grand Prix,NOR,3.25,0.2684,1.35,0.6939,6.0,0.696,347.0
2024,Las Vegas Grand Prix,VER,3.4,0.2553,1.35,0.6939,5.0,0.485,348.0
2024,Las Vegas Grand Prix,LEC,3.75,0.2288,1.5,0.6104,4.0,0.471,344.0
2024,Las Vegas Grand Prix,SAI,6.0,0.1354,1.7,0.5241,2.0,0.098,349.0
2024,Las Vegas Grand Prix,PIA,17.0,0.0424,3.25,0.2381,8.0,0.721,345.0
2024,Las Vegas Grand Prix,RUS,26.0,0.0264,9.0,0.0689,1.0,0.0,343.0
2024,Las Vegas Grand Prix,HAM,26.0,0.0264,9.0,0.0689,10.0,15.794,343.0
2024,Las Vegas Grand Prix,PER,151.0,0.0037,17.0,0.0317,16.0,1.843,345.0
2024,Las Vegas Grand Prix,MAG,301.0,0.0017,34.0,0.0137,12.0,0.985,343.0
2024,Las Vegas Grand Prix,HUL,301.0,0.0017,34.0,0.0137,9.0,0.75,342.0
2024,Las Vegas Grand Prix,ALO,301.0,0.0017,34.0,0.0137,17.0,1.946,345.0
2024,Las Vegas Grand Prix,LAW,301.0,0.0017,126.0,0.0028,15.0,1.9449999999999998,348.0
2024,Las Vegas Grand Prix,STR,601.0,0.0008,101.0,0.0036,20.0,2.172,348.0
2024,Las Vegas Grand Prix,ZHO,601.0,0.0008,251.0,0.0012,13.0,1.254,334.0
2024,Las Vegas Grand Prix,ALB,601.0,0.0008,101.0,0.0036,18.0,2.113,346.0
2024,Las Vegas Grand Prix,GAS,601.0,0.0008,101.0,0.0036,3.0,0.352,352.0
2024,Las Vegas Grand Prix,COL,601.0,0.0008,101.0,0.0036,14.0,1.437,346.0
2024,Las Vegas Grand Prix,BOT,601.0,0.0008,251.0,0.0012,19.0,2.118,343.0
2024,Las Vegas Grand Prix,TSU,601.0,0.0008,67.0,0.006,7.0,0.717,348.0
2024,Las Vegas Grand Prix,OCO,601.0,0.0008,101.0,0.0036,11.0,0.909,351.0
2024,Mexican Grand Prix,NOR,3.75,0.2315,1.4,0.6641,3.0,0.314,343.0
2024,Mexican Grand Prix,VER,3.75,0.2315,1.4,0.6641,2.0,0.225,347.0
2024,Mexican Grand Prix,LEC,3.75,0.2315,1.4,0.6641,4.0,0.319,348.0
2024,Mexican Grand Prix,PIA,8.0,0.1001,2.0,0.4303,17.0,1.651,346.0
2024,Mexican Grand Prix,SAI,8.0,0.1001,3.0,0.2628,1.0,0.0,347.0
2024,Mexican Grand Prix,RUS,19.0,0.0384,6.0,0.1131,5.0,0.41,345.0
2024,Mexican Grand Prix,HAM,19.0,0.0384,6.0,0.1131,6.0,0.705,349.0
2024,Mexican Grand Prix,PER,41.0,0.0164,13.0,0.0441,18.0,1.665,348.0
2024,Mexican Grand Prix,ALO,301.0,0.0018,41.0,0.0109,13.0,1.222,346.0
2024,Mexican Grand Prix,LAW,301.0,0.0018,126.0,0.0028,12.0,1.216,343.0
2024,Mexican Grand Prix,HUL,601.0,0.0008,67.0,0.006,10.0,1.419,348.0
2024,Mexican Grand Prix,ALB,601.0,0.0008,67.0,0.006,9.0,1.119,342.0
2024,Mexican Grand Prix,STR,601.0,0.0008,101.0,0.0036,14.0,1.3479999999999999,348.0
2024,Mexican Grand Prix,COL,601.0,0.0008,101.0,0.0036,16.0,1.612,341.0
2024,Mexican Grand Prix,TSU,601.0,0.0008,101.0,0.0036,11.0,1.183,344.0
2024,Mexican Grand Prix,MAG,601.0,0.0008,151.0,0.0022,7.0,0.94,347.0
2024,Mexican Grand Prix,OCO,601.0,0.0008,201.0,0.0016,19.0,1.671,348.0
2024,Mexican Grand Prix,GAS,601.0,0.0008,201.0,0.0016,8.0,0.946,347.0
2024,Mexican Grand Prix,ZHO,601.0,0.0008,251.0,0.0012,20.0,2.126,344.0
2024,Mexican Grand Prix,BOT,601.0,0.0008,251.0,0.0012,15.0,1.871,344.0
2024,Miami Grand Prix,VER,1.15,0.8425,1.1,0.8921,1.0,0.0,337.0
2024,Miami Grand Prix,PER,13.0,0.0431,1.25,0.7655,4.0,0.219,339.0
2024,Miami Grand Prix,NOR,21.0,0.0239,2.4,0.3505,5.0,0.353,336.0
2024,Miami Grand Prix,LEC,21.0,0.0239,2.6,0.3185,2.0,0.141,337.0
2024,Miami Grand Prix,SAI,21.0,0.0239,2.75,0.2978,3.0,0.214,338.0
2024,Miami Grand Prix,HUL,51.0,0.0081,,,9.0,0.905,340.0
2024,Miami Grand Prix,RUS,51.0,0.0081,9.0,0.072,7.0,0.826,335.0
2024,Miami Grand Prix,PIA,51.0,0.0081,6.0,0.117,6.0,0.434,335.0
2024,Miami Grand Prix,HAM,51.0,0.0081,9.0,0.072,8.0,0.866,337.0
2024,Miami Grand Prix,ALO,67.0,0.0058,11.0,0.0566,15.0,1.186,337.0
2024,Miami Grand Prix,STR,251.0,0.0011,34.0,0.0147,11.0,0.981,343.0
2024,Miami Grand Prix,SAR,601.0,0.0004,101.0,0.004,17.0,1.246,340.0
2024,Miami Grand Prix,ZHO,601.0,0.0004,101.0,0.004,20.0,1.583,331.0
2024,Miami Grand Prix,ALB,601.0,0.0004,101.0,0.004,14.0,1.172,340.0
2024,Miami Grand Prix,GAS,601.0,0.0004,101.0,0.004,12.0,1.083,341.0
2024,Miami Grand Prix,RIC,601.0,0.0004,67.0,0.0065,18.0,1.376,336.0
2024,Miami Grand Prix,MAG,601.0,0.0004,67.0,0.0065,19.0,1.3780000000000001,342.0
2024,Miami Grand Prix,BOT,601.0,0.0004,101.0,0.004,16.0,1.222,345.0
2024,Miami Grand Prix,TSU,601.0,0.0004,67.0,0.0065,10.0,0.951,336.0
2024,Miami Grand Prix,OCO,601.0,0.0004,101.0,0.004,13.0,1.13,338.0
2024,Monaco Grand Prix,VER,1.65,0.5664,1.2,0.7998,6.0,0.297,279.0
2024,Monaco Grand Prix,NOR,6.0,0.1308,1.6,0.5621,4.0,0.272,279.0
2024,Monaco Grand Prix,LEC,6.0,0.1308,1.6,0.5621,1.0,0.0,280.0
2024,Monaco Grand Prix,PIA,12.0,0.0595,2.4,0.342,2.0,0.154,278.0
2024,Monaco Grand Prix,PER,17.0,0.0401,2.4,0.342,16.0,1.79,280.0
2024,Monaco Grand Prix,SAI,17.0,0.0401,2.75,0.2894,3.0,0.248,280.0
2024,Monaco Grand Prix,RUS,81.0,0.0068,19.0,0.0271,5.0,0.273,280.0
2024,Monaco Grand Prix,HAM,81.0,0.0068,19.0,0.0271,7.0,0.351,282.0
2024,Monaco Grand Prix,ALO,81.0,0.0068,17.0,0.031,14.0,1.749,281.0
2024,Monaco Grand Prix,STR,201.0,0.0024,67.0,0.0058,13.0,1.293,280.0
2024,Monaco Grand Prix,RIC,301.0,0.0015,201.0,0.0015,12.0,1.212,275.0
2024,Monaco Grand Prix,OCO,301.0,0.0015,201.0,0.0015,11.0,1.015,278.0
2024,Monaco Grand Prix,GAS,301.0,0.0015,201.0,0.0015,10.0,1.041,278.0
2024,Monaco Grand Prix,SAR,601.0,0.0007,301.0,0.0009,15.0,1.75,280.0
2024,Monaco Grand Prix,ZHO,601.0,0.0007,301.0,0.0009,18.0,2.758,280.0
2024,Monaco Grand Prix,ALB,601.0,0.0007,301.0,0.0009,9.0,0.678,273.0
2024,Monaco Grand Prix,MAG,601.0,0.0007,301.0,0.0009,15.0,1.455,284.0
2024,Monaco Grand Prix,BOT,601.0,0.0007,301.0,0.0009,17.0,2.242,280.0
2024,Monaco Grand Prix,TSU,601.0,0.0007,201.0,0.0015,8.0,0.588,275.0
2024,Monaco Grand Prix,HUL,601.0,0.0007,301.0,0.0009,14.0,1.17,284.0
2024,Montreal Grand Prix,VER,1.4,0.6755,1.2,0.7951,2.0,0.0,326.0
2024,Montreal Grand Prix,LEC,6.0,0.1238,1.35,0.6857,11.0,0.691,324.0
2024,Montreal Grand Prix,NOR,7.0,0.1034,1.45,0.6268,3.0,0.021,321.0
2024,Montreal Grand Prix,PIA,21.0,0.0287,2.2,0.3711,4.0,0.103,322.0
2024,Montreal Grand Prix,PER,26.0,0.0224,3.0,0.2512,16.0,1.326,328.0
2024,Montreal Grand Prix,SAI,26.0,0.0224,3.4,0.2147,12.0,0.728,325.0
2024,Montreal Grand Prix,RUS,67.0,0.0074,21.0,0.0218,1.0,0.0,326.0
2024,Montreal Grand Prix,HAM,67.0,0.0074,21.0,0.0218,7.0,0.28,320.0
2024,Montreal Grand Prix,TSU,301.0,0.0013,,,8.0,0.414,332.0
2024,Montreal Grand Prix,RIC,301.0,0.0013,,,5.0,0.178,329.0
2024,Montreal Grand Prix,ALO,301.0,0.0013,67.0,0.0051,6.0,0.228,328.0
2024,Montreal Grand Prix,STR,601.0,0.0006,301.0,0.0008,9.0,0.701,330.0
2024,Montreal Grand Prix,ZHO,601.0,0.0006,301.0,0.0008,20.0,2.292,322.0
2024,Montreal Grand Prix,SAR,601.0,0.0006,301.0,0.0008,13.0,0.736,329.0
2024,Montreal Grand Prix,ALB,601.0,0.0006,301.0,0.0008,10.0,0.796,329.0
2024,Montreal Grand Prix,GAS,601.0,0.0006,301.0,0.0008,15.0,0.94,321.0
2024,Montreal Grand Prix,MAG,601.0,0.0006,301.0,0.0008,14.0,0.916,327.0
2024,Montreal Grand Prix,HUL,601.0,0.0006,301.0,0.0008,19.0,1.978,322.0
2024,Montreal Grand Prix,BOT,601.0,0.0006,301.0,0.0008,17.0,1.366,328.0
2024,Montreal Grand Prix,OCO,601.0,0.0006,301.0,0.0008,18.0,1.435,322.0
2024,Qatar Grand Prix,NOR,3.0,0.2983,1.4,0.6693,3.0,0.252,318.0
2024,Qatar Grand Prix,VER,5.0,0.1699,1.53,0.602,1.0,0.0,322.0
2024,Qatar Grand Prix,PIA,6.5,0.1273,1.9,0.4649,4.0,0.309,318.0
2024,Qatar Grand Prix,RUS,7.0,0.1173,2.37,0.3571,2.0,0.055,317.0
2024,Qatar Grand Prix,HAM,7.0,0.1173,2.37,0.3571,6.0,0.491,321.0
2024,Qatar Grand Prix,LEC,10.0,0.0792,3.25,0.245,5.0,0.332,317.0
2024,Qatar Grand Prix,SAI,11.0,0.0713,3.4,0.2321,7.0,0.521,314.0
2024,Qatar Grand Prix,PER,201.0,0.0029,26.0,0.0205,9.0,0.905,320.0
2024,Qatar Grand Prix,OCO,301.0,0.0019,67.0,0.0066,20.0,2.194,321.0
2024,Qatar Grand Prix,GAS,301.0,0.0019,67.0,0.0066,11.0,0.917,319.0
2024,Qatar Grand Prix,MAG,301.0,0.0019,67.0,0.0066,10.0,0.98,317.0
2024,Qatar Grand Prix,ALO,301.0,0.0019,67.0,0.0066,8.0,0.731,322.0
2024,Qatar Grand Prix,HUL,301.0,0.0019,67.0,0.0066,18.0,1.9220000000000002,315.0
2024,Qatar Grand Prix,LAW,301.0,0.0019,126.0,0.0031,17.0,1.891,318.0
2024,Qatar Grand Prix,STR,601.0,0.0009,151.0,0.0025,15.0,1.391,322.0
2024,Qatar Grand Prix,ZHO,601.0,0.0009,251.0,0.0014,12.0,0.981,318.0
2024,Qatar Grand Prix,ALB,601.0,0.0009,101.0,0.0041,16.0,1.87,318.0
2024,Qatar Grand Prix,COL,601.0,0.0009,151.0,0.0025,19.0,2.074,317.0
2024,Qatar Grand Prix,BOT,601.0,0.0009,251.0,0.0014,13.0,1.211,319.0
2024,Qatar Grand Prix,TSU,601.0,0.0009,101.0,0.0041,14.0,1.251,316.0
2024,Saudi Grand Prix,VER,1.25,0.7633,1.15,0.8447,1.0,0.0,330.0
2024,Saudi Grand Prix,PER,9.0,0.07,1.6,0.5668,3.0,0.335,332.0
2024,Saudi Grand Prix,LEC,13.0,0.0448,1.8,0.4916,2.0,0.319,329.0
2024,Saudi Grand Prix,SAI,17.0,0.0324,2.5,0.3306,,,
2024,Saudi Grand Prix,RUS,19.0,0.0283,5.5,0.1276,7.0,0.844,331.0
2024,Saudi Grand Prix,HAM,19.0,0.0283,3.75,0.2026,8.0,0.988,331.0
2024,Saudi Grand Prix,PIA,67.0,0.0062,7.0,0.0953,5.0,0.617,324.0
2024,Saudi Grand Prix,ALO,67.0,0.0062,11.0,0.0552,4.0,0.374,329.0
2024,Saudi Grand Prix,STR,301.0,0.001,41.0,0.0113,10.0,1.1,328.0
2024,Saudi Grand Prix,RIC,301.0,0.001,51.0,0.0087,14.0,1.553,331.0
2024,Saudi Grand Prix,TSU,301.0,0.001,67.0,0.0062,9.0,1.075,330.0
2024,Saudi Grand Prix,SAR,601.0,0.0004,151.0,0.0023,19.0,2.054,330.0
2024,Saudi Grand Prix,ZHO,601.0,0.0004,151.0,0.0023,20.0,,
2024,Saudi Grand Prix,ALB,601.0,0.0004,151.0,0.0023,12.0,1.508,330.0
2024,Saudi Grand Prix,GAS,601.0,0.0004,151.0,0.0023,18.0,2.007,327.0
2024,Saudi Grand Prix,MAG,601.0,0.0004,151.0,0.0023,13.0,1.548,332.0
2024,Saudi Grand Prix,HUL,601.0,0.0004,151.0,0.0023,15.0,1.583,332.0
2024,Saudi Grand Prix,BOT,601.0,0.0004,151.0,0.0023,16.0,1.7069999999999999,328.0
2024,Saudi Grand Prix,OCO,601.0,0.0004,151.0,0.0023,17.0,2.003,330.0
2024,Saudi Grand Prix,NOR,34.0,0.014,3.25,0.2408,6.0,0.66,325.0
2024,Shanghai Grand Prix,VER,1.15,0.8138,1.1,0.8856,1.0,0.0,333.0
2024,Shanghai Grand Prix,STR,9.0,0.0392,,,11.0,1.178,333.0
2024,Shanghai Grand Prix,PER,13.0,0.0228,1.4,0.6513,2.0,0.322,334.0
2024,Shanghai Grand Prix,LEC,15.0,0.0185,1.6,0.5493,6.0,0.629,330.0
2024,Shanghai Grand Prix,SAI,15.0,0.0185,1.6,0.5493,7.0,0.637,330.0
2024,Shanghai Grand Prix,TSU,17.0,0.0154,,,19.0,2.086,333.0
2024,Shanghai Grand Prix,RIC,17.0,0.0154,,,12.0,1.274,332.0
2024,Shanghai Grand Prix,MAG,26.0,0.0082,,,17.0,1.8559999999999999,334.0
2024,Shanghai Grand Prix,HUL,26.0,0.0082,,,9.0,0.944,333.0
2024,Shanghai Grand Prix,ALB,26.0,0.0082,,,14.0,1.581,334.0
2024,Shanghai Grand Prix,NOR,41.0,0.0042,3.5,0.2026,4.0,0.505,329.0
2024,Shanghai Grand Prix,RUS,41.0,0.0042,11.0,0.0471,8.0,0.773,331.0
2024,Shanghai Grand Prix,HAM,41.0,0.0042,11.0,0.0471,18.0,1.913,330.0
2024,Shanghai Grand Prix,ALO,41.0,0.0042,21.0,0.0206,3.0,0.488,333.0
2024,Shanghai Grand Prix,ZHO,41.0,0.0042,,,16.0,1.845,332.0
2024,Shanghai Grand Prix,BOT,41.0,0.0042,,,10.0,1.005,329.0
2024,Shanghai Grand Prix,SAR,67.0,0.002,,,20.0,2.698,330.0
2024,Shanghai Grand Prix,OCO,67.0,0.002,,,13.0,1.563,327.0
2024,Shanghai Grand Prix,GAS,67.0,0.002,,,15.0,1.803,329.0
2024,Shanghai Grand Prix,PIA,151.0,0.0006,11.0,0.0471,5.0,0.613,328.0
2024,Singapore Grand Prix,NOR,2.75,0.3265,1.3,0.7292,1.0,0.0,304.0
2024,Singapore Grand Prix,PIA,4.4,0.1941,1.5,0.6138,5.0,0.428,302.0
2024,Singapore Grand Prix,LEC,4.5,0.1894,1.6,0.5679,9.0,0.222,301.0
2024,Singapore Grand Prix,SAI,8.0,0.1002,2.1,0.4094,10.0,0.583,301.0
2024,Singapore Grand Prix,VER,11.0,0.0704,2.5,0.3319,2.0,0.203,302.0
2024,Singapore Grand Prix,RUS,17.0,0.0435,6.0,0.1157,4.0,0.342,304.0
2024,Singapore Grand Prix,HAM,17.0,0.0435,6.0,0.1157,3.0,0.316,305.0
2024,Singapore Grand Prix,PER,34.0,0.0202,11.0,0.0558,13.0,1.054,304.0
2024,Singapore Grand Prix,STR,301.0,0.0018,51.0,0.0088,17.0,1.569,304.0
2024,Singapore Grand Prix,ALO,301.0,0.0018,34.0,0.0143,7.0,0.689,304.0
2024,Singapore Grand Prix,MAG,601.0,0.0008,51.0,0.0088,14.0,1.1280000000000001,304.0
2024,Singapore Grand Prix,HUL,601.0,0.0008,51.0,0.0088,6.0,0.59,304.0
2024,Singapore Grand Prix,ALB,601.0,0.0008,51.0,0.0088,11.0,0.949,303.0
2024,Singapore Grand Prix,TSU,601.0,0.0008,151.0,0.0024,8.0,0.829,298.0
2024,Singapore Grand Prix,RIC,601.0,0.0008,151.0,0.0024,16.0,1.56,298.0
2024,Singapore Grand Prix,COL,601.0,0.0008,151.0,0.0024,12.0,0.956,302.0
2024,Singapore Grand Prix,BOT,601.0,0.0008,301.0,0.001,19.0,2.047,302.0
2024,Singapore Grand Prix,ZHO,601.0,0.0008,301.0,0.001,20.0,2.529,300.0
2024,Singapore Grand Prix,OCO,601.0,0.0008,301.0,0.001,15.0,1.244,302.0
2024,Singapore Grand Prix,GAS,601.0,0.0008,301.0,0.001,18.0,1.787,302.0
2024,São Paulo Grand Prix,NOR,3.3,0.2727,1.3,0.7454,1.0,0.0,270.0
2024,São Paulo Grand Prix,LEC,3.5,0.2557,1.4,0.686,6.0,1.12,249.0
2024,São Paulo Grand Prix,SAI,4.0,0.2211,2.2,0.4135,14.0,6.001,240.0
2024,São Paulo Grand Prix,VER,8.0,0.104,2.55,0.3505,12.0,4.366,243.0
2024,São Paulo Grand Prix,PIA,9.0,0.0915,2.2,0.4135,8.0,1.2810000000000001,259.0
2024,São Paulo Grand Prix,RUS,23.0,0.0329,5.5,0.1482,2.0,0.173,242.0
2024,São Paulo Grand Prix,PER,101.0,0.0066,21.0,0.033,13.0,4.753,245.0
2024,São Paulo Grand Prix,MAG,301.0,0.002,41.0,0.0156,,,
2024,São Paulo Grand Prix,HUL,301.0,0.002,41.0,0.0156,19.0,8.218,237.0
2024,São Paulo Grand Prix,LAW,301.0,0.002,126.0,0.0044,5.0,1.079,251.0
2024,São Paulo Grand Prix,HAM,601.0,0.0009,5.5,0.1482,16.0,7.745,248.0
2024,São Paulo Grand Prix,TSU,601.0,0.0009,101.0,0.0057,3.0,0.706,258.0
2024,São Paulo Grand Prix,ALB,601.0,0.0009,101.0,0.0057,7.0,1.252,262.0
2024,São Paulo Grand Prix,ALO,601.0,0.0009,101.0,0.0057,9.0,5.593,244.0
2024,São Paulo Grand Prix,STR,601.0,0.0009,251.0,0.0021,10.0,2.9290000000000003,248.0
2024,São Paulo Grand Prix,COL,601.0,0.0009,251.0,0.0021,18.0,7.865,237.0
2024,São Paulo Grand Prix,BOT,601.0,0.0009,401.0,0.0012,11.0,3.067,247.0
2024,São Paulo Grand Prix,ZHO,601.0,0.0009,401.0,0.0012,20.0,8.858,219.0
2024,São Paulo Grand Prix,OCO,601.0,0.0009,401.0,0.0012,4.0,1.07,253.0
2024,São Paulo Grand Prix,GAS,601.0,0.0009,401.0,0.0012,15.0,6.209,240.0
2024,United States Grand Prix,NOR,2.1,0.4306,1.25,0.7634,1.0,0.0,326.0
2024,United States Grand Prix,VER,5.5,0.1443,1.5,0.6123,2.0,0.031,328.0
2024,United States Grand Prix,PIA,5.5,0.1443,1.5,0.6123,5.0,0.62,324.0
2024,United States Grand Prix,LEC,7.5,0.1015,1.83,0.4814,4.0,0.41,330.0
2024,United States Grand Prix,SAI,17.0,0.0401,3.75,0.2021,3.0,0.322,330.0
2024,United States Grand Prix,RUS,17.0,0.0401,6.0,0.1145,6.0,0.644,329.0
2024,United States Grand Prix,HAM,17.0,0.0401,6.0,0.1145,19.0,1.8239999999999998,332.0
2024,United States Grand Prix,PER,34.0,0.0182,11.0,0.055,10.0,0.69,329.0
2024,United States Grand Prix,TSU,51.0,0.0115,,,11.0,1.176,334.0
2024,United States Grand Prix,STR,101.0,0.0053,67.0,0.0062,14.0,1.429,328.0
2024,United States Grand Prix,HUL,101.0,0.0053,67.0,0.0062,12.0,1.214,331.0
2024,United States Grand Prix,COL,151.0,0.0034,67.0,0.0062,17.0,1.732,327.0
2024,United States Grand Prix,MAG,151.0,0.0034,,,9.0,1.151,329.0
2024,United States Grand Prix,OCO,251.0,0.0016,201.0,0.0016,13.0,1.267,329.0
2024,United States Grand Prix,GAS,251.0,0.0016,201.0,0.0016,7.0,0.688,330.0
2024,United States Grand Prix,ZHO,251.0,0.0019,,,20.0,1.8980000000000001,330.0
2024,United States Grand Prix,BOT,251.0,0.0019,,,18.0,1.822,330.0
2024,United States Grand Prix,ALB,301.0,0.0015,51.0,0.0086,16.0,1.721,329.0
2024,United States Grand Prix,ALO,301.0,0.0015,41.0,0.0112,8.0,0.979,326.0
2024,United States Grand Prix,LAW,301.0,0.0015,126.0,0.0029,15.0,1.009,332.0
